nombre,agencia,precio_m2,precio,superficie,href,actualizacion,consumo,emisiones,zona,Superficie construida,Superficie útil,Habitaciones,Baños,Exterior,Referencia,Armarios empotrados,Tipo suelo,Vidrios dobles,Aire acondicionado,Calefacción,Cocina equipada,Trastero,Puerta blindada,Ascensor,Adaptado a personas con movilidad reducida,Terraza,Orientación,Interior,Chimenea,Jardín,Planta,Antigüedad,Lavadero,Sistema de seguridad,Conservación,Gastos de comunidad,Amueblado,Carpintería interior,Carpintería exterior,Comedor,Portero automático,Superficie solar,Garaje,Balcón,Soleado,Se aceptan mascotas,Gas,Teléfono,Agua,Piscina,Tipo de casa,Urbanizado,Calle alumbrada,Calle asfaltada
Piso en Llatí-Riera Alta-Cementiri Vell,FINCAS MIRAFER,2.231 €/m²,395.000 €,177 m²,https://www.pisos.com/comprar/piso-llati_riera_alta_cementiri_vell08921-49227204439_108500/,Anuncio actualizado el 20/02/2025,"E, E","E, E",santa_coloma_de_gramenet (BCN),177 m²,130 m²,4,3,N/A,AG230-1656,N/A,Gres,N/A,N/A,Gas natural,Individual,N/A,N/A,N/A,N/A,No acristalada,Sur,,,,,,,,,,,,,,,,,,,,,,,,,,,
Piso en Centre-Can Mariner,FINCAS MIRAFER,1.710 €/m²,195.000 €,114 m²,https://www.pisos.com/comprar/piso-centre_can_mariner08922-48426960196_108500/,Anuncio actualizado el 20/02/2025,"G, G","G, G",santa_coloma_de_gramenet (BCN),114 m²,110 m²,3,1,,AG230-1654,,Parquet,,,,Individual,,,,,,,N/A,,,,,,,,,,,,,,,,,,,,,,,,,,
Chalet en Singuerlín-Les Oliveres-Can Franquesa-Guinardera,FINCAS MIRAFER,2.600 €/m²,650.000 €,250 m²,https://www.pisos.com/comprar/chalet-singuerlin_les_oliveres_can_franquesa_guinardera08-38355063067_108500/,Anuncio actualizado el 20/02/2025,"E, E","E, E",santa_coloma_de_gramenet (BCN),250 m²,228 m²,4,3,,AG230-1525,N/A,Mármol,N/A,N/A,Gas natural,Individual,N/A,N/A,,N/A,No acristalada,Sur,,N/A,N/A,,,,,,,,,,,,,,,,,,,,,,,,
Piso en Carrer dels Pirineus,JJFINQUES BADALONA,2.483 €/m²,149.000 €,60 m²,https://www.pisos.com/comprar/piso-raval_santa_rosa_safaretjos08923-48431498277_101800/,Anuncio actualizado el 20/02/2025,"F, F","F, F",santa_coloma_de_gramenet (BCN),60 m²,,3,1,,IF76353-F21,,,,,Central,,,N/A,,,,,,,,Entresuelo,Más de 50 años,N/A,N/A,,,,,,,,,,,,,,,,,,,,
Ático en Carrer de la Cultura,L´AGENCIA GESTIO IMMOBILIARIA,2.950 €/m²,177.000 €,60 m²,https://www.pisos.com/comprar/atico-riu_nord_riu_sud08922-50038795347_992337/,Anuncio actualizado el 23/01/2025,"E, E","E, E",santa_coloma_de_gramenet (BCN),60 m²,58 m²,2,1,N/A,4992337-1709,1,Parquet,,,,N/A,,,,,N/A,,,,,4ª,Más de 50 años,N/A,,Reformado,Entre 40 y 60 €,N/A,N/A,Aluminio,N/A,N/A,,,,,,,,,,,,,
Casa en Avinguda del Sanatori,JJFINQUES BADALONA,Error al procesar precio m²,398.000 €,150 m²,https://www.pisos.com/comprar/casa-raval_santa_rosa_safaretjos-45845291521_101800/,Anuncio actualizado el 14/02/2025,Error al procesar consumo,Error al procesar emisiones,santa_coloma_de_gramenet (BCN),,,3,3,,IF76353-E96,1,,,,,N/A,,N/A,,,,,,,Privado,,Entre 5 y 10 años,,,,,,,,,,150 m²,1,,,,,,,,,,,
Piso en Passeig d'en Llorenç Serra,Chávez & inmobiliaria,3.589 €/m²,262.000 €,73 m²,https://www.pisos.com/comprar/piso-riu_nord_riu_sud08922-50865400944_518512/,Anuncio actualizado el 19/02/2025,"E, E","E, E",santa_coloma_de_gramenet (BCN),73 m²,66 m²,4,1,Patio de manzana-soleado de mañanas-mediodia,4518512-LC-m166,,Gres,,Aacc frio calor comedor,,Salida a lavadero,,Alarma conectada policia,N/A,,,Suroeste,,,,3ª,Más de 50 años,N/A,Alarma,En buen estado,Entre 40 y 60 €,,Roble,Aluminio,Salida a balcón,N/A,,,N/A,N/A,N/A,,,,,,,,
Casa en Carrer del Perú,FINQUES SANTOS,1.500 €/m²,312.000 €,208 m²,https://www.pisos.com/comprar/casa-llati_riera_alta_cementiri_vell08921-50000714036_511336/,Anuncio actualizado el 17/02/2025,Error al procesar consumo,Error al procesar emisiones,santa_coloma_de_gramenet (BCN),208 m²,208 m²,3,2,,4511336-FS1STCGCV37,,Gres,,,,,,,,,,,,,Privado,,Más de 50 años,,,A reformar,,,,Madera,,,,1,,,,,,,,,,,
Piso en Carrer de Prat de la Riba,IMMOLLAR,2.731 €/m²,265.000 €,97 m²,https://www.pisos.com/comprar/piso-centre_can_mariner08921-51735498858_998670/,Anuncio actualizado el 19/02/2025,"F, F","F, F",santa_coloma_de_gramenet (BCN),97 m²,70 m²,4,2,N/A,4998670-29325,1,Terrazo,,,,N/A,,,N/A,N/A,,Noreste,,,,2ª,Entre 30 y 50 años,,N/A,En buen estado,Entre 40 y 60 €,N/A,,Aluminio,N/A,N/A,,,N/A,N/A,N/A,,,,,,,,
Piso en Llatí-Riera Alta-Cementiri Vell,FINCAS MIRAFER,2.231 €/m²,395.000 €,177 m²,https://www.pisos.com/comprar/piso-llati_riera_alta_cementiri_vell08921-49227204439_108500/,Anuncio actualizado el 20/02/2025,"E, E","E, E",santa_coloma_de_gramenet (BCN),177 m²,130 m²,4,3,N/A,AG230-1656,N/A,Gres,N/A,N/A,Gas natural,Individual,N/A,N/A,N/A,N/A,No acristalada,Sur,,,,,,,,,,,,,,,,,,,,,,,,,,,
Piso en Centre-Can Mariner,FINCAS MIRAFER,1.710 €/m²,195.000 €,114 m²,https://www.pisos.com/comprar/piso-centre_can_mariner08922-48426960196_108500/,Anuncio actualizado el 20/02/2025,"G, G","G, G",santa_coloma_de_gramenet (BCN),114 m²,110 m²,3,1,,AG230-1654,,Parquet,,,,Individual,,,,,,,N/A,,,,,,,,,,,,,,,,,,,,,,,,,,
Piso en Singuerlín-Les Oliveres-Can Franquesa-Guinardera,Desarrollo Singuerlin Slu,2.565 €/m²,195.000 €,76 m²,https://www.pisos.com/comprar/piso-singuerlin_les_oliveres_can_franquesa_guinardera08-51705318722_100200/,Anuncio actualizado el 13/02/2025,"E, E","E, E",santa_coloma_de_gramenet (BCN),76 m²,,3,1,,TC1153-608635,,,,N/A,,N/A,,,N/A,,,,,,,,Más de 50 años,,,En buen estado,Más de 100 €,,,,,,,,N/A,,,,,,,,,,
Piso en Carrer de la Pau,INMOBILIARIA ICL GESTIONS,2.295 €/m²,140.000 €,61 m²,https://www.pisos.com/comprar/piso-santa_coloma_de_gramenet_fondo08923-45862134232_501116/,Anuncio actualizado el 20/02/2025,Error al procesar consumo,Error al procesar emisiones,santa_coloma_de_gramenet (BCN),61 m²,53 m²,2,1,N/A,501116-000630,,Gres,N/A,Frío y calor,,Nueva a estrenar (amaricana),,,,N/A,,Sur,,,,Bajo,,N/A,,A estrenar,,,Roble,Aluminio,28 m²,,,,,N/A,,,,,,,,,
Chalet en Singuerlín-Les Oliveres-Can Franquesa-Guinardera,FINCAS MIRAFER,2.600 €/m²,650.000 €,250 m²,https://www.pisos.com/comprar/chalet-singuerlin_les_oliveres_can_franquesa_guinardera08-38355063067_108500/,Anuncio actualizado el 20/02/2025,"E, E","E, E",santa_coloma_de_gramenet (BCN),250 m²,228 m²,4,3,,AG230-1525,N/A,Mármol,N/A,N/A,Gas natural,Individual,N/A,N/A,,N/A,No acristalada,Sur,,N/A,N/A,,,,,,,,,,,,,,,,,,,,,,,,
Piso en Riu Nord-Riu Sud,FINCAS MIRAFER,3.789 €/m²,360.000 €,95 m²,https://www.pisos.com/comprar/piso-riu_nord_riu_sud08922-43344157232_108500/,Anuncio actualizado el 20/02/2025,"A, A","A, A",santa_coloma_de_gramenet (BCN),95 m²,77 m²,3,2,N/A,AG230-Cultura70BJ,N/A,Parquet,N/A,N/A,Eléctrica,Americana,,N/A,N/A,N/A,No acristalada,Sur,,,,,,,,,,,,,,,,,,,,,,,,,,,
Loft en Carrer de Beethoven,INMOBILIARIA ICL GESTIONS,1.331 €/m²,79.900 €,60 m²,https://www.pisos.com/comprar/loft-llati_riera_alta_cementiri_vell08921-41765437198_501116/,Anuncio actualizado el 25/11/2024,Error al procesar consumo,Error al procesar emisiones,santa_coloma_de_gramenet (BCN),60 m²,54 m²,1,1,N/A,501116-000623,,Gres,N/A,,,N/A,,,,N/A,,Norte,,,,Bajo,,N/A,,En buen estado,,,Lacadas,Aluminio,N/A,,,,,,,,,,,,,,
Piso en Carrer de Beethoven,Group Ji-Ber Internacional,2.740 €/m²,137.000 €,50 m²,https://www.pisos.com/comprar/piso-llati_riera_alta_cementiri_vell08921-48420641693_517058/,Anuncio actualizado el 15/10/2024,"F, F","F, F",santa_coloma_de_gramenet (BCN),50 m²,48 m²,2,1,N/A,4517058-000069,,Parquet,,,,N/A,,N/A,,,Comunitaria,,,,,Entresuelo,Entre 30 y 50 años,N/A,N/A,Reformado,,,N/A,Aluminio,N/A,N/A,,,,N/A,N/A,,,,,,,,
Piso en Raval-Santa Rosa-Safaretjos,"ESTUDI SANTA COLOMA, S.L.U",2.045 €/m²,135.000 €,66 m²,https://www.pisos.com/comprar/piso-raval_santa_rosa_safaretjos08923-50016037746_100200/,Anuncio actualizado el 20/02/2025,"E, E","E, E",santa_coloma_de_gramenet (BCN),66 m²,,2,1,,TC204-603716,,Gres,,N/A,,N/A,,,,,,,,,,3ª,Más de 50 años,,,A reformar,,N/A,,,,,,,,,,,,,,,,,
"Piso en Carrer de Sant Andreu, 13",VOLCASA,2.156 €/m²,110.000 €,51 m²,https://www.pisos.com/comprar/piso-raval_santa_rosa_safaretjos08923-48395809778_519874/,Anuncio actualizado el 27/01/2025,Error al procesar consumo,Error al procesar emisiones,santa_coloma_de_gramenet (BCN),51 m²,48 m²,3,1,N/A,4519874-SantAndreu,,Gres,,,,N/A,,,,,,Noreste,,,,Entresuelo,Más de 50 años,,,En buen estado,,,,Aluminio,N/A,N/A,,,N/A,N/A,N/A,,,,,,,,
Piso en Carrer de la Circumval·lació,VICTORIA DIEGO AGENTE INMOBILARIO,3.092 €/m²,300.000 €,97 m²,https://www.pisos.com/comprar/piso-raval_santa_rosa_safaretjos-50866836137_529351/,Anuncio actualizado el 20/02/2025,"E, E","E, E",santa_coloma_de_gramenet (BCN),97 m²,87 m²,4,2,N/A,529351-000011,,Porcelana,Ventanas con mosquiteras,Frío y calor,Gas natural,N/A,N/A,N/A,N/A,N/A,N/A,Noreste,,,,Bajo,Entre 30 y 50 años,N/A,,Reformado,Entre 20 y 40 €,,Haya,Aluminio,N/A,N/A,,,N/A,N/A,,N/A,,,,,,,
Piso en Avinguda de la Generalitat,LA CASA AGENCY -LLEFIÀ,2.134 €/m²,190.000 €,89 m²,https://www.pisos.com/comprar/piso-raval_santa_rosa_safaretjos-51682550961_516553/,Anuncio actualizado el 19/02/2025,"G, G","G, G",santa_coloma_de_gramenet (BCN),89 m²,85 m²,3,1,,4516553-VTA-GENERALITAT,,Parquet,,,Gas natural,"Amplia, con lavadero",,N/A,N/A,,,Este,N/A,,,2ª,Más de 50 años,N/A,,En buen estado,,,,Aluminio,Amplio,,,,,,N/A,,N/A,,,,,,
Piso en Carrer de Verdi,GESTIONS IMMOBILIARIES SILVIA,1.923 €/m²,175.000 €,91 m²,https://www.pisos.com/comprar/piso-santa_coloma_de_gramenet_fondo08922-49262641294_308400/,Anuncio actualizado el 20/02/2025,"G, F","G, F",santa_coloma_de_gramenet (BCN),91 m²,73 m²,4,1,N/A,3084-24097,,Gres,,,,N/A,,,,,N/A,Oeste,,,,4ª,Más de 50 años,N/A,,A reformar,,,,Aluminio,N/A,N/A,,,,N/A,,,,,,,,,
"Piso en Carrer del Rellotge, 26",VOLCASA,1.583 €/m²,76.000 €,48 m²,https://www.pisos.com/comprar/piso-santa_coloma_de_gramenet_fondo08923-45018581717_519874/,Anuncio actualizado el 27/01/2025,Error al procesar consumo,Error al procesar emisiones,santa_coloma_de_gramenet (BCN),48 m²,45 m²,2,,,4519874-Rellotge,,Parquet,,,,,,N/A,,,,,,,,3ª,Más de 50 años,,,A reformar,,,,,N/A,N/A,,,N/A,N/A,N/A,,,,,,,,
"Piso en Carrer dels Pirineus, 64",VOLCASA,2.230 €/m²,145.000 €,65 m²,https://www.pisos.com/comprar/piso-raval_santa_rosa_safaretjos08923-48347266336_519874/,Anuncio actualizado el 27/01/2025,Error al procesar consumo,Error al procesar emisiones,santa_coloma_de_gramenet (BCN),65 m²,60 m²,2,1,N/A,4519874-Pirineus,,Gres,,,Gas natural,N/A,,,,,,Sureste,,,,1ª,Más de 50 años,N/A,,Reformado,,,,,N/A,N/A,,,,N/A,N/A,,,,,,,,
Piso en Carrer de Sant Francesc,VOLCASA,2.636 €/m²,145.000 €,55 m²,https://www.pisos.com/comprar/piso-raval_santa_rosa_safaretjos08923-50866779585_519874/,Anuncio actualizado el 27/01/2025,"F, D","F, D",santa_coloma_de_gramenet (BCN),55 m²,51 m²,2,1,Soleado,4519874-Stk_Franc,,Parquet,,,,Americana,,,,,,Noreste,,,,1ª,Más de 50 años,,,Reformado,,,,Aluminio,,N/A,,,N/A,N/A,N/A,,,,,,,,
Piso en Llatí-Riera Alta-Cementiri Vell,Estudi Projecte Sant Pere Nord Slu,2.612 €/m²,209.000 €,80 m²,https://www.pisos.com/comprar/piso-llati_riera_alta_cementiri_vell08921-51720634481_100200/,Anuncio actualizado el 14/02/2025,Error al procesar consumo,Error al procesar emisiones,santa_coloma_de_gramenet (BCN),80 m²,,3,1,,TC973-609667,,,,N/A,,,,,N/A,,,,,,,2ª,Más de 50 años,,,En buen estado,,,,,,,,,N/A,,,,,,,,,,
Piso en Carrer del Bruc,L´AGENCIA GESTIO IMMOBILIARIA,2.192 €/m²,228.000 €,104 m²,https://www.pisos.com/comprar/piso-santa_coloma_de_gramenet_fondo08923-47578506806_992337/,Anuncio actualizado el 04/02/2025,Error al procesar consumo,Error al procesar emisiones,santa_coloma_de_gramenet (BCN),104 m²,83 m²,3,2,N/A,4992337-1695,1,Parquet,,Frío,Gas natural,Salida a lavadero,N/A,,,,N/A,,,,,2ª,Más de 50 años,,,Reformado,Entre 40 y 60 €,,,Aluminio,Salida a balcón,,,,N/A,N/A,,,,,,,,,
Piso en Carrer de Mossèn Camil Rosell,L´AGENCIA GESTIO IMMOBILIARIA,2.770 €/m²,252.100 €,91 m²,https://www.pisos.com/comprar/piso-centre_can_mariner08921-50896986653_992337/,Anuncio actualizado el 23/01/2025,"E, E","E, E",santa_coloma_de_gramenet (BCN),91 m²,82 m²,3,1,N/A,4992337-1711,,Gres,N/A,Frío,Gas natural,N/A,,N/A,N/A,,,Sur,,,,2ª,Más de 50 años,,,En buen estado,Entre 40 y 60 €,N/A,N/A,Aluminio,N/A,,,,N/A,,,,,,,,,,
Piso en Carrer de Wagner,ASIFRAN-GROUP,2.068 €/m²,120.000 €,58 m²,https://www.pisos.com/comprar/piso-santa_coloma_de_gramenet_fondo-50885988473_500186/,Anuncio actualizado el 20/02/2025,"E, E","E, E",santa_coloma_de_gramenet (BCN),58 m²,52 m²,2,1,N/A,500186-023600,,Parquet,,,,N/A,,,,,,,,,,Entresuelo,,N/A,N/A,En buen estado,,,N/A,Aluminio,N/A,N/A,,,,N/A,N/A,,,,,,,,
Piso en Carrer de Gènova,L´AGENCIA GESTIO IMMOBILIARIA,2.660 €/m²,290.000 €,109 m²,https://www.pisos.com/comprar/piso-llati_riera_alta_cementiri_vell08921-49215371755_992337/,Anuncio actualizado el 04/02/2025,Error al procesar consumo,Error al procesar emisiones,santa_coloma_de_gramenet (BCN),109 m²,100 m²,3,2,N/A,4992337-1704,Más de 2,Gres,,,Gas natural,N/A,N/A,N/A,N/A,N/A,N/A,Sur,,,,Bajo,Entre 10 y 20 años,N/A,,En buen estado,,,N/A,Aluminio,N/A,,,,,,,N/A,,,,,,,
"Dúplex en Carrer del Doctor Pagès, 36",INMO- INMUEBLES & INTERIORISMO,2.169 €/m²,525.000 €,242 m²,https://www.pisos.com/comprar/duplex-centre_can_mariner08922-48416591929_100500/,Anuncio actualizado el 19/02/2025,"E, E","E, E",santa_coloma_de_gramenet (BCN),242 m²,214 m²,4,4,,SA5255-sta_coloma_2/6359,,Parquet,,N/A,N/A,,N/A,N/A,N/A,,N/A,Norte,,,,1ª,Entre 20 y 30 años,,N/A,,,N/A,,,N/A,,,1,N/A,,,,N/A,N/A,,,,,
Ático en Carrer de Sant Carles,INMO- INMUEBLES & INTERIORISMO,5.102 €/m²,250.000 €,49 m²,https://www.pisos.com/comprar/atico-centre_can_mariner08922-50047299526_100500/,Anuncio actualizado el 11/02/2025,"E, E","E, E",santa_coloma_de_gramenet (BCN),49 m²,44 m²,2,1,,SA5255-C_Sant_Carles/6359,,Parquet,,N/A,N/A,,,N/A,N/A,,N/A,Suroeste,,,,4ª,Más de 50 años,,N/A,,Entre 40 y 60 €,,,,N/A,,,,N/A,,,,,N/A,,,,,
Casa en Carrer d'Alella,L´AGENCIA GESTIO IMMOBILIARIA,3.825 €/m²,612.100 €,160 m²,https://www.pisos.com/comprar/casa-llati_riera_alta_cementiri_vell08921-44236477851_992337/,Anuncio actualizado el 04/02/2025,Error al procesar consumo,Error al procesar emisiones,santa_coloma_de_gramenet (BCN),160 m²,148 m²,3,2,,4992337-1685,1,Parquet,,,Gas natural,N/A,,N/A,,,N/A,,,,Privado,,Más de 50 años,N/A,,Reformado,,,,Aluminio,N/A,,,1,,,,,,,,,,,
Ático en Llatí-Riera Alta-Cementiri Vell,YOUR HOME IN BARCELONA REAL ESTATE,2.272 €/m²,165.900 €,73 m²,https://www.pisos.com/comprar/atico-llati_riera_alta_cementiri_vell08921-47558945872_520565/,Anuncio actualizado el 07/02/2025,Error al procesar consumo,Error al procesar emisiones,santa_coloma_de_gramenet (BCN),73 m²,70 m²,2,1,,520565-YHSA-00038,,Gres,,,Gas natural,N/A,,,,,N/A,,,,,3ª,,N/A,,En buen estado,,N/A,,Aluminio,N/A,,,,,N/A,,,,,,,,,
Piso en Carrer de Prat de la Riba,YOUR HOME IN BARCELONA REAL ESTATE,4.246 €/m²,310.000 €,73 m²,https://www.pisos.com/comprar/piso-centre_can_mariner08921-50893029600_520565/,Anuncio actualizado el 07/02/2025,Error al procesar consumo,Error al procesar emisiones,santa_coloma_de_gramenet (BCN),73 m²,65 m²,2,2,N/A,520565-YHSA-00046,,,,Aerotermia,Aerotermia,N/A,,,N/A,,N/A,,,,,Bajo,,N/A,,A estrenar,,,,,N/A,,,,,,,,,,Comunitaria,,,,
Piso en Avinguda de l'Anselm de Riu,Sweet Home BCN,2.803 €/m²,185.000 €,66 m²,https://www.pisos.com/comprar/piso-singuerlin_les_oliveres_can_franquesa_guinardera08-51709572996_100500/,Anuncio actualizado el 11/02/2025,"E, E","E, E",santa_coloma_de_gramenet (BCN),66 m²,65 m²,3,1,N/A,SA5839-5075,,,,N/A,,,N/A,,,,,,,,,2ª,Más de 50 años,,,En buen estado,,,,,,,,,,,,,,,,,,,
Piso en Passatge d'en Parcerisas,SAI ASSESSORAMENT IMMOBILIARI,2.169 €/m²,128.000 €,59 m²,https://www.pisos.com/comprar/piso-raval_santa_rosa_safaretjos08923-51723813922_518727/,Anuncio actualizado el 18/02/2025,Error al procesar consumo,Error al procesar emisiones,santa_coloma_de_gramenet (BCN),59 m²,48 m²,3,1,,4518727-020372,,Gres,,,,,,,,,,,,,,2ª,Más de 50 años,,,En buen estado,,,,Aluminio,,,,,N/A,,,,,,,,,,
Casa adosada en Carrer de Wilson,L´AGENCIA GESTIO IMMOBILIARIA,2.288 €/m²,540.000 €,236 m²,https://www.pisos.com/comprar/casa_adosada-llati_riera_alta_cementiri_vell-38344018012_992337/,Anuncio actualizado el 04/02/2025,Error al procesar consumo,Error al procesar emisiones,santa_coloma_de_gramenet (BCN),236 m²,226 m²,5,4,,4992337-1650,,Mármol,N/A,Frío,Gas natural,Tipo office,,N/A,,,N/A,,,,,,Entre 10 y 20 años,,,En buen estado,,,N/A,Aluminio,Independiente,,,1,,,,,,,Propia,Adosada,N/A,N/A,N/A
Piso en Carrer de Prat de la Riba,YOUR HOME IN BARCELONA REAL ESTATE,5.000 €/m²,430.000 €,86 m²,https://www.pisos.com/comprar/piso-centre_can_mariner08921-50865938629_520565/,Anuncio actualizado el 07/02/2025,Error al procesar consumo,Error al procesar emisiones,santa_coloma_de_gramenet (BCN),86 m²,71 m²,3,2,N/A,520565-YHSA-00047,,,,Aerotermia,Aerotermia,N/A,,,N/A,,N/A,,,,,Bajo,,,,A estrenar,,,,,N/A,,,,,,,,,,Comunitaria,,,,
Piso en Carrer de Prat de la Riba,YOUR HOME IN BARCELONA REAL ESTATE,Error al procesar precio m²,A consultar,80 m²,https://www.pisos.com/comprar/piso-centre_can_mariner08921-50890300251_520565/,Anuncio actualizado el 07/02/2025,Error al procesar consumo,Error al procesar emisiones,santa_coloma_de_gramenet (BCN),80 m²,,,,,520565-YHSA-00045,,,,,Aerotermia,,,,N/A,,N/A,,,,N/A,Principal,Menos de 5 años,,,A estrenar,,,,,,,,,,,,,,,Comunitaria,,,,
Piso en Carrer de Roma,BC INMO,2.483 €/m²,149.000 €,60 m²,https://www.pisos.com/comprar/piso-llati_riera_alta_cementiri_vell08921-50862340423_100500/,Anuncio actualizado el 13/02/2025,"G, G","G, G",santa_coloma_de_gramenet (BCN),60 m²,57 m²,2,1,,SA5243-SAN004/11245,,Gres,,N/A,N/A,,N/A,,,,,Sureste,,,,2ª,Más de 50 años,,,,Entre 20 y 40 €,,,,N/A,,,,,,,,N/A,N/A,,,,,
Dúplex en Carrer d'en Pons i Pons,pisos 22,1.900 €/m²,190.000 €,100 m²,https://www.pisos.com/comprar/duplex-raval_santa_rosa_safaretjos08923-49235714807_518459/,Anuncio actualizado el 20/02/2025,Error al procesar consumo,Error al procesar emisiones,santa_coloma_de_gramenet (BCN),100 m²,95 m²,2,1,,4518459-2024/64,,,,,Gas natural,N/A,,N/A,N/A,N/A,,Sur,N/A,,,Bajo,Entre 20 y 30 años,,,En buen estado,Entre 20 y 40 €,,N/A,,N/A,N/A,,,,,N/A,N/A,,,,,,,
Piso en Carrer de Prat de la Riba,YOUR HOME IN BARCELONA REAL ESTATE,4.814 €/m²,260.000 €,54 m²,https://www.pisos.com/comprar/piso-centre_can_mariner08921-50888309889_520565/,Anuncio actualizado el 10/02/2025,Error al procesar consumo,Error al procesar emisiones,santa_coloma_de_gramenet (BCN),54 m²,46 m²,2,1,N/A,520565-YHSA-00048,,,,Aerotermia,Aerotermia,N/A,,,N/A,,N/A,,,,,2ª,,,,A estrenar,,,,,N/A,,,,N/A,,,,,,Comunitaria,,,,
Dúplex en Carrer d'en Pons i Pons,pisos 22,2.600 €/m²,195.000 €,75 m²,https://www.pisos.com/comprar/duplex-raval_santa_rosa_safaretjos08923-42517753584_518459/,Anuncio actualizado el 18/02/2025,Error al procesar consumo,Error al procesar emisiones,santa_coloma_de_gramenet (BCN),75 m²,70 m²,2,2,N/A,4518459-000222,,Parquet,,,,N/A,,N/A,N/A,,N/A,,,,,2ª,Entre 10 y 20 años,,,Reformado,Entre 40 y 60 €,,N/A,Aluminio,N/A,N/A,,,N/A,N/A,N/A,N/A,,,,,,,
"Casa en Carrer del Doctor Pagès, 36",INMO- INMUEBLES & INTERIORISMO,2.169 €/m²,525.000 €,242 m²,https://www.pisos.com/comprar/casa-centre_can_mariner08922-47502983941_100500/,Anuncio actualizado el 04/02/2025,"E, E","E, E",santa_coloma_de_gramenet (BCN),242 m²,214 m²,4,4,,SA5255-Sta_Coloma_casa/6359,,Parquet,,N/A,N/A,,N/A,N/A,,,N/A,Norte,,,,,Entre 20 y 30 años,,N/A,,,N/A,,,N/A,,87 m²,1,,,,,N/A,N/A,,,,,
Chalet en Carrer de Wilson,YOUR HOME IN BARCELONA REAL ESTATE,2.297 €/m²,540.000 €,235 m²,https://www.pisos.com/comprar/chalet-llati_riera_alta_cementiri_vell08921-48340766685_520565/,Anuncio actualizado el 07/02/2025,Error al procesar consumo,Error al procesar emisiones,santa_coloma_de_gramenet (BCN),235 m²,225 m²,3,4,,520565-YHSA-00039,,,,,Gas natural,,,,,,N/A,,,,,,Entre 10 y 20 años,,,En buen estado,,,,Aluminio,,,,1,,,,,,,Propia,,,,
Piso en Singuerlín-Les Oliveres-Can Franquesa-Guinardera,Desarrollo Singuerlin Slu,2.207 €/m²,170.000 €,77 m²,https://www.pisos.com/comprar/piso-singuerlin_les_oliveres_can_franquesa_guinardera08-50031050626_100200/,Anuncio actualizado el 18/01/2025,"C, D","C, D",santa_coloma_de_gramenet (BCN),77 m²,,3,1,,TC1153-603650,,Mármol,,,,N/A,,,,,,,,,,,Más de 50 años,,,Reformado,,,,,,,,,,,,,,,,,,,
Casa en Avenida Anselm de Rius,L´AGENCIA GESTIO IMMOBILIARIA,2.104 €/m²,362.000 €,172 m²,https://www.pisos.com/comprar/casa-singuerlin_les_oliveres_can_franquesa_guinardera08-41725142297_992337/,Anuncio actualizado el 04/02/2025,Error al procesar consumo,Error al procesar emisiones,santa_coloma_de_gramenet (BCN),172 m²,155 m²,5,2,,4992337-1673,,Hidraulico,,Frío,Gas natural,N/A,,,,N/A,N/A,,,,Privado,,Más de 50 años,N/A,,En buen estado,,,,Aluminio,N/A,,502 m²,1,,,,,,,,,,,
Ático en Carrer de Mossèn Jacint Verdaguer,pisos 22,2.030 €/m²,132.000 €,65 m²,https://www.pisos.com/comprar/atico-santa_coloma_de_gramenet_fondo08922-49251343277_518459/,Anuncio actualizado el 18/02/2025,Error al procesar consumo,Error al procesar emisiones,santa_coloma_de_gramenet (BCN),65 m²,60 m²,2,1,N/A,4518459-2024/61,,Ceramica,,,,N/A,,N/A,,,N/A,Suroeste,,,,4ª,Más de 50 años,N/A,,Reformado,Entre 20 y 40 €,,N/A,Aluminio,N/A,N/A,,,,N/A,N/A,,,,,,,,
Piso en Carrer de Nàpols,ZONA FINCAS,2.073 €/m²,141.000 €,68 m²,https://www.pisos.com/comprar/piso-llati_riera_alta_cementiri_vell08921-51675069853_514358/,Anuncio actualizado el 19/02/2025,Error al procesar consumo,Error al procesar emisiones,santa_coloma_de_gramenet (BCN),68 m²,54 m²,3,1,N/A,514358-S25/124,,Terrazo,,,,Salida a galería,,,N/A,,,,,,,Entresuelo,Más de 50 años,,,A reformar,,,,,Salida a balcón.,,,,N/A,,,,,,,,,,
Piso en Avinguda del Sanatori,PROJECT HOUSE REAL ESTATE,2.619 €/m²,165.000 €,63 m²,https://www.pisos.com/comprar/piso-raval_santa_rosa_safaretjos08923-41693020099_518261/,Anuncio actualizado el 20/02/2025,Error al procesar consumo,Error al procesar emisiones,santa_coloma_de_gramenet (BCN),63 m²,57 m²,3,1,N/A,4518261-425B,,Gres,,,Gas natural,N/A,,,N/A,,,,,,,1ª,Más de 50 años,N/A,,En buen estado,,,N/A,Aluminio,N/A,N/A,,,,N/A,,N/A,N/A,,,,,,
Chalet en Carrer de Sants,Sweet Home BCN,1.636 €/m²,450.000 €,275 m²,https://www.pisos.com/comprar/chalet-singuerlin_les_oliveres_can_franquesa_guinardera08-51696637562_100500/,Anuncio actualizado el 11/02/2025,Error al procesar consumo,Error al procesar emisiones,santa_coloma_de_gramenet (BCN),275 m²,270 m²,6,3,,SA5839-5791,,,,,,,N/A,,,,N/A,Sur,,,,,Más de 50 años,,,A reformar,,,,,,,587 m²,1,,,,,,,,,,,
Piso en Rambla de Sant Sebastià,ZONA FINCAS,3.039 €/m²,310.000 €,102 m²,https://www.pisos.com/comprar/piso-centre_can_mariner08922-50878407230_514358/,Anuncio actualizado el 19/02/2025,Error al procesar consumo,Error al procesar emisiones,santa_coloma_de_gramenet (BCN),102 m²,80 m²,3,1,N/A,514358-24/004,,Parquet,,Frío y calor,,N/A,,N/A,N/A,,N/A,,N/A,,,2ª,Más de 50 años,,,Reformado,,,,,N/A,,,,,,,,,,,,,,
Piso en Riu Nord-Riu Sud,"ESTUDI SANTA COLOMA, S.L.U",3.380 €/m²,240.000 €,71 m²,https://www.pisos.com/comprar/piso-riu_nord_riu_sud08922-50918599186_100200/,Anuncio actualizado el 12/02/2025,"E, E","E, E",santa_coloma_de_gramenet (BCN),71 m²,,3,1,,TC204-607191,,,,,,,,,N/A,,N/A,,,,,,Más de 50 años,,,En buen estado,,,,,,,,,,,,,,,,,,,
Piso en Raval-Santa Rosa-Safaretjos,Projecte Santa Rosa Slu,2.012 €/m²,165.000 €,82 m²,https://www.pisos.com/comprar/piso-raval_santa_rosa_safaretjos08923-51714030887_100200/,Anuncio actualizado el 12/02/2025,"E, E","E, E",santa_coloma_de_gramenet (BCN),82 m²,,4,1,,TC1110-609679,,,,,,,,,,,,,,,,2ª,Más de 50 años,,,En buen estado,,,,,,,,,,,,,,,,,,,
Piso en Raval-Santa Rosa-Safaretjos,Projecte Santa Rosa Slu,2.333 €/m²,280.000 €,120 m²,https://www.pisos.com/comprar/piso-raval_santa_rosa_safaretjos08923-51673151759_100200/,Anuncio actualizado el 10/02/2025,"E, E","E, E",santa_coloma_de_gramenet (BCN),120 m²,,3,1,,TC1110-609133,,,,,,,,,,,,,,,,4ª,Más de 50 años,,,En buen estado,,,,,,,,,,,,,,,,,,,
Piso en Centre-Can Mariner,"Inmolledoner, s.l",2.251 €/m²,299.500 €,133 m²,https://www.pisos.com/comprar/piso-centre_can_mariner08922-51723586883_528050/,Anuncio actualizado el 19/02/2025,"G, G","G, G",santa_coloma_de_gramenet (BCN),133 m²,133 m²,3,1,,4528050-LCB35044-santacoloma,,,,,,,,,,,N/A,Norte,,,,Bajo,,,,A reformar,,,,Madera,,,,1,,,,,,,,,,,
Piso en Carrer de Sant Andreu,ZONA FINCAS,2.109 €/m²,135.000 €,64 m²,https://www.pisos.com/comprar/piso-raval_santa_rosa_safaretjos08923-49231271141_514358/,Anuncio actualizado el 19/02/2025,Error al procesar consumo,Error al procesar emisiones,santa_coloma_de_gramenet (BCN),64 m²,48 m²,2,1,,514358-ZF24/001,,,,,,Independiente,,N/A,,,,,,,,Entresuelo,Más de 50 años,,,En buen estado,Entre 10 y 20 €,,Carpinteria aluminio blanca/ plata,,Salón muy amplio (se le añadió 1 dormitorio).,,,,,,,,,,,,,,
Piso en Centre-Can Mariner,"ESTUDI NOVA RIPOLLET, S.L.U.",2.424 €/m²,159.990 €,66 m²,https://www.pisos.com/comprar/piso-centre_can_mariner08922-50919395594_100200/,Anuncio actualizado el 18/02/2025,"E, E","E, E",santa_coloma_de_gramenet (BCN),66 m²,,2,1,,TC682-606823,,,,,,,,,,,,,,,,,Más de 50 años,,,En buen estado,,,,,,,,,,,,,,,,,,,
Piso en Singuerlín-Les Oliveres-Can Franquesa-Guinardera,Desarrollo Singuerlin Slu,3.037 €/m²,325.000 €,107 m²,https://www.pisos.com/comprar/piso-singuerlin_les_oliveres_can_franquesa_guinardera08-51679859752_100200/,Anuncio actualizado el 13/02/2025,"E, D","E, D",santa_coloma_de_gramenet (BCN),107 m²,,4,2,,TC1153-609434,,,,,Central,N/A,,,,,,,,,,2ª,Entre 20 y 30 años,,,En buen estado,,,,,,,,,,,,,,,,,,,
Piso en Centre-Can Mariner,"ESTUDI NOVA RIPOLLET, S.L.U.",3.083 €/m²,262.100 €,85 m²,https://www.pisos.com/comprar/piso-centre_can_mariner08922-50867716608_100200/,Anuncio actualizado el 21/01/2025,"E, E","E, E",santa_coloma_de_gramenet (BCN),85 m²,,3,1,,TC682-606821,,,,,,,,,N/A,,N/A,,,,,1ª,Entre 20 y 30 años,,,En buen estado,,,,,,,,,N/A,,,,,,,,,,
Ático en Avinguda de la Generalitat,ZONA FINCAS,4.110 €/m²,279.500 €,68 m²,https://www.pisos.com/comprar/atico-centre_can_mariner08922-50014953851_514358/,Anuncio actualizado el 19/02/2025,"G, F","G, F",santa_coloma_de_gramenet (BCN),68 m²,55 m²,2,1,N/A,514358-AT24/183,,,,Frío y calor,Central,Independiente con salida a galeria,,N/A,N/A,,18m,,,,,5ª,Entre 30 y 50 años,N/A,,Reformado,Entre 40 y 60 €,,,Aluminio,Con salida a preciosa terraza,,,,,N/A,,,,,,,,,
Piso en Carrer de Florència,ZONA FINCAS,2.523 €/m²,159.000 €,63 m²,https://www.pisos.com/comprar/piso-llati_riera_alta_cementiri_vell08921-50837500475_514358/,Anuncio actualizado el 19/02/2025,Error al procesar consumo,Error al procesar emisiones,santa_coloma_de_gramenet (BCN),63 m²,54 m²,3,1,,514358-ZF24/006,,Gres,,,,Independiente con salida a galería.,,,,,,,N/A,,,2ª,Más de 50 años,N/A,,En buen estado,Entre 20 y 40 €,,,Aluminio,N/A,,,,,,,,,,,,,,
Piso en Carrer del Mas Marí,FLORANGE,1.750 €/m²,105.000 €,60 m²,https://www.pisos.com/comprar/piso-raval_santa_rosa_safaretjos08923-49264790283_519523/,Anuncio actualizado el 18/11/2024,Error al procesar consumo,Error al procesar emisiones,santa_coloma_de_gramenet (BCN),60 m²,53 m²,3,1,,4519523-83,,,,,,,,,,,,,,,,3ª,Más de 50 años,N/A,,En buen estado,Entre 20 y 40 €,,,,,,,,,,,,,,,,,,
"Piso en Carrer del Rellotge, 21",FINQUES ENRIC,1.656 €/m²,111.000 €,67 m²,https://www.pisos.com/comprar/piso-santa_coloma_de_gramenet_fondo08923-51738085205_100500/,Anuncio actualizado el 19/02/2025,"G, E","G, E",santa_coloma_de_gramenet (BCN),67 m²,60 m²,3,1,N/A,SA5788-6149,,,,,,,,,,,,Sur,,,,2ª,Más de 50 años,,,A reformar,,,,,,,,,N/A,,,,,,,,,,
Chalet en Carrer d'Eiximenis,Sweet Home BCN,3.216 €/m²,386.000 €,120 m²,https://www.pisos.com/comprar/chalet-singuerlin_les_oliveres_can_franquesa_guinardera08-51689403802_100500/,Anuncio actualizado el 11/02/2025,"F, G","F, G",santa_coloma_de_gramenet (BCN),120 m²,115 m²,3,1,,SA5839-5812,,,,N/A,,,N/A,,,,N/A,Sur,,,,,Más de 50 años,,,En buen estado,,,,,,,480 m²,,,,,,,,,,,,
Piso en Carrer de Mossèn Jacint Verdaguer,VICTORIA DIEGO AGENTE INMOBILARIO,2.246 €/m²,155.000 €,69 m²,https://www.pisos.com/comprar/piso-raval_santa_rosa_safaretjos08923-51715012347_529351/,Anuncio actualizado el 14/02/2025,"E, E","E, E",santa_coloma_de_gramenet (BCN),69 m²,65 m²,3,1,N/A,529351-000023,,Gres,,,Gas natural,A reformar,,N/A,,,,,,,,2ª,Más de 50 años,,,En buen estado,Entre 20 y 40 €,,Roble,Aluminio,Soleado,N/A,,,N/A,N/A,,Natural,,,,,,,
Ático en Centre-Can Mariner,"Inmolledoner, s.l",4.818 €/m²,279.500 €,58 m²,https://www.pisos.com/comprar/atico-centre_can_mariner-48423617175_528050/,Anuncio actualizado el 19/02/2025,"G, F","G, F",santa_coloma_de_gramenet (BCN),58 m²,58 m²,2,1,N/A,4528050-LCB32928-SANTACOLOMA-LUIS,,Gres,,,,Independiente,,,N/A,,N/A,Este,,,,5ª,Entre 30 y 50 años,Galeria,,En buen estado,,,,Aluminio,N/A,,,,,,,,,,,,,,
Piso en Carrer de Verdi,CASA TEVA SERVEIS IMMOBILIARIS,1.923 €/m²,175.000 €,91 m²,https://www.pisos.com/comprar/piso-santa_coloma_de_gramenet_fondo08922-50000660845_526201/,Anuncio actualizado el 18/02/2025,"G, G","G, G",santa_coloma_de_gramenet (BCN),91 m²,73 m²,4,1,N/A,4526201-B420,,Gres,,,,Independiente,,,,,N/A,Sureste,,,,4ª,Más de 50 años,N/A,,A reformar,Entre 40 y 60 €,,Sapelly,Madera,N/A,,,,,,,,,,,,,,
"Piso en Rambla del Fondo, 1",SEGURPISO GESTION INMOBILIARIA,2.744 €/m²,247.000 €,90 m²,https://www.pisos.com/comprar/piso-llati_riera_alta_cementiri_vell08921-44193666731_528240/,Anuncio actualizado el 19/02/2025,"E, E","E, E",santa_coloma_de_gramenet (BCN),90 m²,87 m²,3,2,N/A,4528240-000004,,Gres,N/A,,Gas natural,Con salida a la terraza,,N/A,N/A,N/A,N/A,Norte,N/A,,,2ª,Entre 20 y 30 años,N/A,N/A,En buen estado,Entre 20 y 40 €,,,Aluminio,Con salida al balcón,N/A,,1,N/A,N/A,N/A,N/A,,,,,,,
Piso en Carrer del Rellotge,INTERFINQUES,1.563 €/m²,111.000 €,71 m²,https://www.pisos.com/comprar/piso-santa_coloma_de_gramenet_fondo-32536698522_500513/,Anuncio actualizado el 20/02/2025,"G, E","G, E",santa_coloma_de_gramenet (BCN),71 m²,60 m²,4,1,N/A,500513-8183-8004-60740159,,Gres,,,,N/A,,,,,,Sur,,,,2ª,Más de 50 años,,,En buen estado,N/A,,,Aluminio,N/A,,,,N/A,,,,,,,,,,
"Casa en Carrer d'Isaac Albéniz, 18",FINCAS EVA,2.284 €/m²,450.000 €,197 m²,https://www.pisos.com/comprar/casa-singuerlin_les_oliveres_can_franquesa_guinardera08-40888598178_109300/,Anuncio actualizado el 19/02/2025,Error al procesar consumo,Error al procesar emisiones,santa_coloma_de_gramenet (BCN),197 m²,165 m²,5,3,,EP918-ON-AVK01,,,,,,Americana,N/A,,,,,,,,,,Menos de 5 años,,,A estrenar,,,,,,,,N/A,,,,,,,,,,,
Piso en Carrer de Roma,ZONA FINCAS,1.978 €/m²,186.000 €,94 m²,https://www.pisos.com/comprar/piso-llati_riera_alta_cementiri_vell-39201681008_514358/,Anuncio actualizado el 19/02/2025,"E, E","E, E",santa_coloma_de_gramenet (BCN),94 m²,89 m²,2,1,N/A,514358-ZF23/069,,Terrazo,,,,N/A,,,,,,,,,,1ª,Entre 30 y 50 años,,,En buen estado,,,N/A,Aluminio,N/A,,,,N/A,,,,,,,,,,
Piso en Fondo,MACROFINCAS S.L,1.923 €/m²,175.000 €,91 m²,https://www.pisos.com/comprar/piso-santa_coloma_de_gramenet_fondo08922-49167184085_100500/,Anuncio actualizado el 08/02/2025,"E, E","E, E",santa_coloma_de_gramenet (BCN),91 m²,72 m²,4,1,,SA565-MCB6035UC/1454,,Gres,,,,,,,,,N/A,,,,,4ª,Más de 50 años,,,,,,,,,,,,,,,,,N/A,,,,,
Piso en Carrer de Wagner,Loft Serveis Immobiliaris,2.068 €/m²,120.000 €,58 m²,https://www.pisos.com/comprar/piso-santa_coloma_de_gramenet_fondo08922-51725732218_501141/,Anuncio actualizado el 19/02/2025,"E, E","E, E",santa_coloma_de_gramenet (BCN),58 m²,52 m²,2,1,N/A,501141-03-023600,,Parquet,,,,,,,,,,,,,,Entresuelo,,N/A,,En buen estado,,,N/A,Aluminio,N/A,N/A,,,,N/A,N/A,,,,,,,,
Casa en Carrer de Wilson,ZONA FINCAS,2.088 €/m²,710.000 €,340 m²,https://www.pisos.com/comprar/casa-llati_riera_alta_cementiri_vell08921-45911684237_514358/,Anuncio actualizado el 19/02/2025,"D, C","D, C",santa_coloma_de_gramenet (BCN),340 m²,288 m²,10,2,,514358-24/157,,,,,,N/A,,,,,N/A,,,,,,Más de 50 años,,,En buen estado,,,,,N/A,,,,,,,,,,,,,,
Piso en Carrer d'en Dalmau,SEGURPISO GESTION INMOBILIARIA,2.163 €/m²,225.000 €,104 m²,https://www.pisos.com/comprar/piso-santa_coloma_de_gramenet_fondo08923-50023431309_528240/,Anuncio actualizado el 19/02/2025,"E, E","E, E",santa_coloma_de_gramenet (BCN),104 m²,94 m²,3,1,N/A,4528240-Dalmau,,Gres,,,,Cocina office,,N/A,N/A,,,Sur,,,,1ª,Entre 30 y 50 años,Lavadero para tender y lavanderia,,En buen estado,Entre 20 y 40 €,,,Aluminio,Comedor independiente 20 m²,N/A,,,,,N/A,N/A,,,,,,,
Ático en Centre-Can Mariner,LA CASA AGENCY PUNT POBLE SEC REAL ESTATE,2.495 €/m²,179.700 €,72 m²,https://www.pisos.com/comprar/atico-centre_can_mariner08921-49264749981_101800/,Anuncio actualizado el 14/11/2024,"G, F","G, F",santa_coloma_de_gramenet (BCN),72 m²,,4,1,,IF77106-LCB33441-1,,,,,Central,,,,,,,,,,,,Más de 50 años,,,,,,,,,,,,,,,,,,,,,,
Casa en Esglesia Major,INMOSANFER,2.657 €/m²,380.000 €,143 m²,https://www.pisos.com/comprar/casa-centre_can_mariner08921-49215598894_100500/,Anuncio actualizado el 19/02/2025,Error al procesar consumo,Error al procesar emisiones,santa_coloma_de_gramenet (BCN),143 m²,100 m²,3,1,,SA5324-3002/11569,,,,N/A,N/A,,,,,,,Este,,,N/A,,Más de 50 años,,N/A,,,,,,,,,1,,,,,N/A,N/A,,,,,
Ático en Avinguda de la Generalitat,ZONA FINCAS,4.110 €/m²,279.500 €,68 m²,https://www.pisos.com/comprar/atico-centre_can_mariner08922-48371433623_514358/,Anuncio actualizado el 19/02/2025,"G, F","G, F",santa_coloma_de_gramenet (BCN),68 m²,55 m²,2,1,N/A,514358-24/183,,,,Frío y calor,Central,Independiente con salida a galeria,,N/A,N/A,,18m,,,,,5ª,Entre 30 y 50 años,N/A,,Reformado,Entre 40 y 60 €,,,Aluminio,Con salida a preciosa terraza,,,,,N/A,,,,,,,,,
Piso en Carrer de Beethoven,VICTORIA DIEGO AGENTE INMOBILARIO,2.421 €/m²,155.000 €,64 m²,https://www.pisos.com/comprar/piso-llati_riera_alta_cementiri_vell08921-51705305000_529351/,Anuncio actualizado el 16/02/2025,"E, E","E, E",santa_coloma_de_gramenet (BCN),64 m²,57 m²,3,1,,529351-000022,,Gres,,Frío y calor,,A reformar,,N/A,N/A,N/A,,,N/A,,,1ª,Más de 50 años,N/A,,En buen estado,Entre 20 y 40 €,,,Aluminio,Soleado,N/A,,,,N/A,,,,,,,,,
Piso en Fondo,URBENIA,1.333 €/m²,96.000 €,72 m²,https://www.pisos.com/comprar/piso-santa_coloma_de_gramenet_fondo08922-47583704148_109300/,Anuncio actualizado el 07/02/2025,Error al procesar consumo,Error al procesar emisiones,santa_coloma_de_gramenet (BCN),72 m²,43 m²,3,1,N/A,EP1014-94970,,,,,,N/A,,,,,,,,,,,,,,,,,,,,,,,,,,,,,,,,,
Piso en Avinguda de la Generalitat,VICTORIA DIEGO AGENTE INMOBILARIO,2.031 €/m²,130.000 €,64 m²,https://www.pisos.com/comprar/piso-centre_can_mariner08922-51735703979_529351/,Anuncio actualizado el 15/02/2025,"E, F","E, F",santa_coloma_de_gramenet (BCN),64 m²,56 m²,2,1,,529351-000021,,Parquet,Blindados,,,Reformada,,,En gestión,,,Noreste,,,,4ª,Entre 30 y 50 años,N/A,N/A,En buen estado,Entre 20 y 40 €,,Lacada blanca,Aluminio,16 exterior,N/A,,,,N/A,N/A,Natural,,,,,,,
Dúplex en Carrer de Pau Claris,Loft Serveis Immobiliaris,3.066 €/m²,138.000 €,45 m²,https://www.pisos.com/comprar/duplex-raval_santa_rosa_safaretjos08923-50932831837_501141/,Anuncio actualizado el 19/02/2025,"E, E","E, E",santa_coloma_de_gramenet (BCN),45 m²,35 m²,2,2,N/A,501141-SC0320385,,Gres,,,,Americana,,,,,,,,,,Bajo,Más de 50 años,,,Reformado,,,Lacada,Aluminio,Exterior,,,,,,N/A,,,,,,,,
Piso en Centre-Can Mariner,"ESTUDI NOVA RIPOLLET, S.L.U.",2.666 €/m²,199.999 €,75 m²,https://www.pisos.com/comprar/piso-centre_can_mariner08922-50908468234_100200/,Anuncio actualizado el 18/02/2025,"E, E","E, E",santa_coloma_de_gramenet (BCN),75 m²,,3,1,,TC682-606822,,,,,,,,,N/A,,,,,,,,Más de 50 años,,,En buen estado,,,,,,,,,N/A,,,,,,,,,,
Piso en Carrer de Nàpols,FINCAS BERNAL,2.254 €/m²,115.000 €,51 m²,https://www.pisos.com/comprar/piso-llati_riera_alta_cementiri_vell08921-51761685227_528265/,Anuncio actualizado el 19/02/2025,"D, E","D, E",santa_coloma_de_gramenet (BCN),51 m²,42 m²,2,1,,4528265-NAPOLES 8,,,,,Gas natural,N/A,,,,,,,N/A,,,3ª,Más de 50 años,N/A,,En buen estado,,,,,N/A,,,,,N/A,,N/A,,,,,,,
Dúplex en Centre-Can Mariner,LA CASA AGENCY PUNT POBLE SEC REAL ESTATE,3.471 €/m²,670.000 €,193 m²,https://www.pisos.com/comprar/duplex-centre_can_mariner08921-47596516145_101800/,Anuncio actualizado el 31/10/2024,"G, G","G, G",santa_coloma_de_gramenet (BCN),193 m²,,3,3,,IF77106-LCB31305-1,,,,,Central,,N/A,,N/A,,N/A,,,,,4ª,Entre 20 y 30 años,,,,,,,,,,,1,,,,,,,,,,,
Piso en Santa Rosa,MACROFINCAS S.L,2.400 €/m²,180.000 €,75 m²,https://www.pisos.com/comprar/piso-raval_santa_rosa_safaretjos08923-65858692186_104400/,Anuncio actualizado el 21/10/2024,Error al procesar consumo,Error al procesar emisiones,santa_coloma_de_gramenet (BCN),75 m²,67 m²,2,1,,SA565-MCB2402AL/1454,,,,,Gas natural,,N/A,N/A,,,N/A,Norte,,,,2ª,Más de 50 años,,,,Entre 20 y 40 €,,,,,,,,,,,,,N/A,,,,,
Piso en Avinguda de Santa Coloma,VICTORIA DIEGO AGENTE INMOBILARIO,2.592 €/m²,140.000 €,54 m²,https://www.pisos.com/comprar/piso-riu_nord_riu_sud08922-51704061899_529351/,Anuncio actualizado el 18/02/2025,"G, F","G, F",santa_coloma_de_gramenet (BCN),54 m²,49 m²,2,1,,529351-000028,,Gres,,Frío y calor,,Nueva,,Nueva,N/A,N/A,,Suroeste,N/A,,,4ª,Más de 50 años,Independiente,,A estrenar,35,,Aluminio,Aluminio,14 mts,N/A,,,,,,N/A,,,,,,,
Piso en Carrer del Rellotge,Aliseda Inmobiliaria,1.682 €/m²,106.000 €,63 m²,https://www.pisos.com/comprar/piso-santa_coloma_de_gramenet_fondo08923-41674126538_105900/,Anuncio actualizado el 19/12/2024,Error al procesar consumo,Error al procesar emisiones,santa_coloma_de_gramenet (BCN),63 m²,,3,1,,AN1-ANT00030659014,,,,,,,,,,,,,,,,,,,,,,,,,,,,,,,,,,,,,,,
Piso en Avinguda de Santa Coloma,FINCAS INTER-HOGAR Barcelona,2.258 €/m²,140.000 €,62 m²,https://www.pisos.com/comprar/piso-riu_nord_riu_sud08922-51699443918_100500/,Anuncio actualizado el 20/02/2025,Error al procesar consumo,Error al procesar emisiones,santa_coloma_de_gramenet (BCN),62 m²,55 m²,2,1,,SA5805-Sfavenida09/12415,1,,,,Eléctrica,,,,N/A,,,,,,,2ª,Entre 20 y 30 años,,,,,,,,,,,,,,,,,,,,,,
Ático en Carrer de Verdi,INTERFINQUES,1.861 €/m²,175.000 €,94 m²,https://www.pisos.com/comprar/atico-santa_coloma_de_gramenet_fondo08922-49210909199_500513/,Anuncio actualizado el 20/02/2025,"G, F","G, F",santa_coloma_de_gramenet (BCN),94 m²,72 m²,4,1,N/A,500513-9099,,Gres,,,,N/A,,,,,N/A,Sur,N/A,,,4ª,Más de 50 años,N/A,,A reformar,N/A,,,Madera,N/A,,,,,N/A,,,,,,,,,
Piso en Carrer de Sant Ernest,VOLCASA,1.935 €/m²,149.000 €,77 m²,https://www.pisos.com/comprar/piso-raval_santa_rosa_safaretjos-50051770992_519874/,Anuncio actualizado el 27/01/2025,"F, F","F, F",santa_coloma_de_gramenet (BCN),77 m²,74 m²,3,1,N/A,4519874-Stk-Ern,,Gres,,,,con galería,,N/A,,,,Noreste,,,,2ª,Más de 50 años,,,En buen estado,,,,Aluminio,,N/A,,,N/A,N/A,N/A,,,,,,,,
Piso en Carrer d'en Baró,VICTORIA DIEGO AGENTE INMOBILARIO,2.750 €/m²,220.000 €,80 m²,https://www.pisos.com/comprar/piso-riu_nord_riu_sud08921-50862382132_529351/,Anuncio actualizado el 17/02/2025,"E, E","E, E",santa_coloma_de_gramenet (BCN),80 m²,78 m²,2,2,N/A,4529351-1,,Gres,N/A,Frío y calor,Eléctrica,Offis,100,N/A,,N/A,,Noreste,,,,Bajo,Más de 50 años,N/A,,A estrenar,Entre 10 y 20 €,,Roble,Aluminio,25,N/A,,,,N/A,,,,,,,,,
Ático en Llatí-Riera Alta-Cementiri Vell,Engel & Völkers MMC Barcelona,2.669 €/m²,355.000 €,133 m²,https://www.pisos.com/comprar/atico-llati_riera_alta_cementiri_vell08921-44265417832_101800/,Anuncio actualizado el 31/05/2024,"A, A","A, A",santa_coloma_de_gramenet (BCN),133 m²,,2,2,,IF76306-I-00YAZ9-W-02VTHS,,,,,Central,N/A,,,N/A,,N/A,,,,,,Menos de 5 años,,,,,,,,,,,,,,,,,,,,,,
Piso en Carrer del Rellotge,Aliseda Inmobiliaria,1.666 €/m²,115.000 €,69 m²,https://www.pisos.com/comprar/piso-santa_coloma_de_gramenet_fondo08923-51715186293_105900/,Anuncio actualizado el 20/02/2025,Error al procesar consumo,Error al procesar emisiones,santa_coloma_de_gramenet (BCN),69 m²,,3,1,,AN1-ANT00030672811,,,,,,,,,,,,,,,,,,,,,,,,,,,,,,,,,,,,,,,
Ático en Raval-Santa Rosa-Safaretjos,"ESTUDI SANTA COLOMA, S.L.U",1.857 €/m²,195.000 €,105 m²,https://www.pisos.com/comprar/atico-raval_santa_rosa_safaretjos08923-48370952797_100200/,Anuncio actualizado el 08/02/2025,"E, E","E, E",santa_coloma_de_gramenet (BCN),105 m²,,4,1,,TC204-597962,,Gres,,,,N/A,,,,,N/A,,,,,4ª,Más de 50 años,,,A reformar,,,,,,,,,N/A,,,,,,,,,,
Piso en Avinguda de la Pallaresa,Flamat Sant Andreu,2.916 €/m²,280.000 €,96 m²,https://www.pisos.com/comprar/piso-llati_riera_alta_cementiri_vell08921-51756788171_100500/,Anuncio actualizado el 17/02/2025,Error al procesar consumo,Error al procesar emisiones,santa_coloma_de_gramenet (BCN),96 m²,60 m²,3,1,N/A,SA5615-PR-SANTA COLOMA PA,,,,,,,,,,,,,,,,Bajo,,,,En buen estado,,,,,,,,,,,,,,,,,,,
Piso en Raval-Santa Rosa-Safaretjos,URBENIA,1.403 €/m²,87.000 €,62 m²,https://www.pisos.com/comprar/piso-raval_santa_rosa_safaretjos08923-47523755108_109300/,Anuncio actualizado el 07/02/2025,Error al procesar consumo,Error al procesar emisiones,santa_coloma_de_gramenet (BCN),62 m²,,3,1,N/A,EP1014-93813,,,,,,N/A,,,,,,,,,,1ª,,,,En buen estado,,,,,,,,,,,,,,,,,,,
Piso en Carrer dels Pirineus,SEGURPISO GESTION INMOBILIARIA,1.901 €/m²,135.000 €,71 m²,https://www.pisos.com/comprar/piso-raval_santa_rosa_safaretjos08923-48349688892_528240/,Anuncio actualizado el 19/02/2025,"F, E","F, E",santa_coloma_de_gramenet (BCN),71 m²,55 m²,3,1,N/A,4528240-000014,,Gres,,,,,,,,,Vistas panorámicas,Oeste,,,,4ª,Entre 30 y 50 años,,,A reformar,Entre 20 y 40 €,,,Aluminio,Salida a terraza,N/A,,,,N/A,,N/A,,,,,,,
Piso en Carrer de Mossèn Jacint Verdaguer,SEGURPISO GESTION INMOBILIARIA,1.616 €/m²,97.000 €,60 m²,https://www.pisos.com/comprar/piso-santa_coloma_de_gramenet_fondo08922-51706596001_528240/,Anuncio actualizado el 19/02/2025,"G, G","G, G",santa_coloma_de_gramenet (BCN),60 m²,56 m²,2,1,N/A,4528240-Jacinto Verdaguer,,Gres,,,,N/A,,N/A,,,,Norte,,,,Bajo,Más de 50 años,N/A,,A reformar,Entre 10 y 20 €,,,Madera,N/A,N/A,,,,,N/A,,,,,,,,
Piso en Centre-Can Mariner,"ESTUDI NOVA RIPOLLET, S.L.U.",2.615 €/m²,170.000 €,65 m²,https://www.pisos.com/comprar/piso-centre_can_mariner08922-51706675549_100200/,Anuncio actualizado el 07/02/2025,Error al procesar consumo,Error al procesar emisiones,santa_coloma_de_gramenet (BCN),65 m²,,,1,,TC682-609130,,,,,N/A,,,,,,N/A,,,,,2ª,Más de 50 años,,,En buen estado,,,,,,,,,,,,,,,,,,,
Piso en Carrer de Washington,Flamat Sant Andreu,2.292 €/m²,149.000 €,65 m²,https://www.pisos.com/comprar/piso-llati_riera_alta_cementiri_vell08921-50876954360_100500/,Anuncio actualizado el 20/02/2025,Error al procesar consumo,Error al procesar emisiones,santa_coloma_de_gramenet (BCN),65 m²,60 m²,2,1,N/A,SA5615-EN - SANTA COLOMA WSR91,,,,,,,,,,,N/A,,,,,1ª,Más de 50 años,,,En buen estado,,,,,,,,,,,,,,,,,,,
Piso en Passatge d'en Caralt,Aliseda Inmobiliaria,1.442 €/m²,88.000 €,61 m²,https://www.pisos.com/comprar/piso-singuerlin_les_oliveres_can_franquesa_guinardera08-41684295848_105900/,Anuncio actualizado el 28/01/2025,Error al procesar consumo,Error al procesar emisiones,santa_coloma_de_gramenet (BCN),61 m²,,2,1,,AN1-ANT00030672936,,,,,,,,,,,,,,,,,,,,,,,,,,,,,,,,,,,,,,,
Piso en Carrer d'en Dalmau,Aliseda Inmobiliaria,2.284 €/m²,164.500 €,72 m²,https://www.pisos.com/comprar/piso-santa_coloma_de_gramenet_fondo08923-50838940144_105900/,Anuncio actualizado el 09/01/2025,Error al procesar consumo,Error al procesar emisiones,santa_coloma_de_gramenet (BCN),72 m²,,3,1,,AN1-ANT00030672722,,,,,,,,,,,,,,,,,,,,,,,,,,,,,,,,,,,,,,,
Piso en Carrer de Sant Andreu,"Punt Sagrada Família, S.L.",2.180 €/m²,102.500 €,47 m²,https://www.pisos.com/comprar/piso-raval_santa_rosa_safaretjos08923-50091240856_103700/,Anuncio actualizado el 17/02/2025,"G, G","G, G",santa_coloma_de_gramenet (BCN),47 m²,,2,1,,BLU5-LCB33558,,,,,,,,,,,,,,,,,Más de 50 años,,,En buen estado,,,,,,,,,,,,,,,,,,,
Piso en Carrer de les Aguileres,HOGAREA,2.402 €/m²,185.000 €,77 m²,https://www.pisos.com/comprar/piso-singuerlin_les_oliveres_can_franquesa_guinardera08-50088413772_108900/,Anuncio actualizado el 12/02/2025,Error al procesar consumo,Error al procesar emisiones,santa_coloma_de_gramenet (BCN),77 m²,67 m²,3,1,N/A,XA484-9522,,,,Frío y calor,Gas natural,,,,,,N/A,Sur,,,,3ª,,,,,Entre 40 y 60 €,,,,,,,,,,,,,N/A,,,,,
Ático en Llatí-Riera Alta-Cementiri Vell,Engel & Völkers MMC Barcelona,2.455 €/m²,415.000 €,169 m²,https://www.pisos.com/comprar/atico-llati_riera_alta_cementiri_vell08921-44233494778_101800/,Anuncio actualizado el 31/05/2024,"A, A","A, A",santa_coloma_de_gramenet (BCN),169 m²,,3,2,,IF76306-I-00YAZ8-W-02VYCA,,,,,Central,,,,N/A,,N/A,,,,,,Menos de 5 años,,,,,,,,,,,,,,,,,,,,,,
Piso en Carrer de Florència,Aliseda Inmobiliaria,1.657 €/m²,116.000 €,70 m²,https://www.pisos.com/comprar/piso-llati_riera_alta_cementiri_vell08921-41741868618_105900/,Anuncio actualizado el 19/12/2024,Error al procesar consumo,Error al procesar emisiones,santa_coloma_de_gramenet (BCN),70 m²,,3,1,,AN1-ANT00030672765,,,,,,,,,,,,,,,,,,,,,,,,,,,,,,,,,,,,,,,
Piso en Carrer de Sant Andreu,Aliseda Inmobiliaria,2.184 €/m²,124.500 €,57 m²,https://www.pisos.com/comprar/piso-raval_santa_rosa_safaretjos08923-51765454319_105900/,Anuncio actualizado el 20/02/2025,Error al procesar consumo,Error al procesar emisiones,santa_coloma_de_gramenet (BCN),57 m²,,3,1,,AN1-ANT00030650002,,,,,,,,,,,,,,,,,,,,,,,,,,,,,,,,,,,,,,,
"Piso en Carrer del Doctor Pagès, 18",SEGURPISO GESTION INMOBILIARIA,1.616 €/m²,97.000 €,60 m²,https://www.pisos.com/comprar/piso-centre_can_mariner08922-44258656980_528240/,Anuncio actualizado el 19/02/2025,Error al procesar consumo,Error al procesar emisiones,santa_coloma_de_gramenet (BCN),60 m²,56 m²,2,1,,4528240-000005,,Gres,,,Gas natural,Americama,,,,,,Norte,N/A,,,Sótano,Más de 50 años,,,A reformar,Entre 20 y 40 €,,,,,N/A,,,,,,,,,,,,,
"Piso en Carrer de Sicília, nº -",ALTAMIRA,1.518 €/m²,120.000 €,79 m²,https://www.pisos.com/comprar/piso-llati_riera_alta_cementiri_vell08917-35028534096_103600/,Anuncio actualizado el 18/02/2025,Error al procesar consumo,Error al procesar emisiones,santa_coloma_de_gramenet (BCN),79 m²,79 m²,3,1,,AM9-2302##33000255,,,,,,,,,,,,,,,,,,,,,,,,,,,,,,,,,,,,,,,
Piso en Carrer del Pi,Flamat Sant Andreu,2.479 €/m²,119.000 €,48 m²,https://www.pisos.com/comprar/piso-singuerlin_les_oliveres_can_franquesa_guinardera08-48399299325_100500/,Anuncio actualizado el 20/02/2025,Error al procesar consumo,Error al procesar emisiones,santa_coloma_de_gramenet (BCN),48 m²,,2,1,N/A,SA5615-EN - SANTA COLOMA DE GRAMENET PA,,,,,,Cocina amueblada,,,,,,,,,,1ª,,,,En buen estado,,,,,,,,,N/A,,,,,,,,,,
Ático en Carrer de Verdi,Comprarcasa-Finques Ema,1.902 €/m²,175.000 €,92 m²,https://www.pisos.com/comprar/atico-santa_coloma_de_gramenet_fondo08922-49228524335_100500/,Anuncio actualizado el 19/02/2025,"E, E","E, E",santa_coloma_de_gramenet (BCN),92 m²,72 m²,3,1,,SA375-404-1-9099/2440,,,,,,,,,,,N/A,,,,,4ª,Más de 50 años,,,,,,,,,,,,,,,,,,,,,,
Piso en Rambla de Sant Sebastià,080 REAL ESTATE,2.468 €/m²,197.500 €,80 m²,https://www.pisos.com/comprar/piso-santa_coloma_de_gramenet_fondo08922-42590515084_100500/,Anuncio actualizado el 08/02/2025,Error al procesar consumo,Error al procesar emisiones,santa_coloma_de_gramenet (BCN),80 m²,,3,1,,SA2013-CC150,1,,,Frío,,Cocina amueblada,,,,,,,,,,3ª,Más de 50 años,,,En buen estado,,,,,,,,,N/A,,,,,,,,,,
Piso en Carrer de Sant Ernest,Aliseda Inmobiliaria,914 €/m²,57.600 €,63 m²,https://www.pisos.com/comprar/piso-raval_santa_rosa_safaretjos08923-41736099710_105900/,Anuncio actualizado el 24/10/2024,Error al procesar consumo,Error al procesar emisiones,santa_coloma_de_gramenet (BCN),63 m²,,3,1,,AN1-ANT00030648483,,,,,,,,,,,,,,,,,,,,,,,,,,,,,,,,,,,,,,,
Casa en Carrer de Sants,VICTORIA DIEGO AGENTE INMOBILARIO,2.619 €/m²,330.000 €,126 m²,https://www.pisos.com/comprar/casa-singuerlin_les_oliveres_can_franquesa_guinardera08-50862699511_529351/,Anuncio actualizado el 19/02/2025,"F, G","F, G",santa_coloma_de_gramenet (BCN),126 m²,89 m²,3,1,,4529351-000002,Más de 2,Gres,N/A,Frío y calor,,Reformada amplia,,,,,Con cesped,Noreste,,,,,Más de 50 años,Independiente,N/A,A estrenar,,,Lacada blanca,Aluminio,Exterior a porche,,126 m²,2,,,,,,,,,,N/A,Buenas comunicaciones
Casa pareada en Riu Nord-Riu Sud,"ESTUDI SANTA COLOMA, S.L.U",3.351 €/m²,600.000 €,179 m²,https://www.pisos.com/comprar/casa_pareada-riu_nord_riu_sud08922-50854169330_100200/,Anuncio actualizado el 30/01/2025,"E, D","E, D",santa_coloma_de_gramenet (BCN),179 m²,,3,2,,TC204-605034,,Gres,,N/A,Central,N/A,N/A,,,,N/A,,,,,,Más de 50 años,,,Reformado,,,,,,,,,,,,,,,,Pareada,,,
Piso en Santa Coloma de Gramenet,LA CASA AGENCY ECV,2.418 €/m²,295.000 €,122 m²,https://www.pisos.com/comprar/piso-riu_nord_riu_sud08922-48339678193_103700/,Anuncio actualizado el 18/02/2025,"G, G","G, G",santa_coloma_de_gramenet (BCN),122 m²,,3,2,N/A,BLU3-LCB32338,,,,,N/A,,,,N/A,,,,,,,,Entre 20 y 30 años,,,En buen estado,,,,,,,,,N/A,,,,,,,,,,
Piso en Carrer d'Alella,VICTORIA DIEGO AGENTE INMOBILARIO,2.740 €/m²,137.000 €,50 m²,https://www.pisos.com/comprar/piso-llati_riera_alta_cementiri_vell08921-51754831153_529351/,Anuncio actualizado el 14/02/2025,"C, C","C, C",santa_coloma_de_gramenet (BCN),50 m²,45 m²,2,1,N/A,529351-000024,,Parquet,N/A,,,Ofis,En terrado,N/A,,,,Noreste,,,,Bajo,Más de 50 años,,,En buen estado,63€ trimestrales,,Embero,Aluminio,Amplio,N/A,,,,N/A,,,,,,,,,
Piso en Passatge d'en Caralt,WEST SIDE,1.442 €/m²,88.000 €,61 m²,https://www.pisos.com/comprar/piso-singuerlin_les_oliveres_can_franquesa_guinardera08-50862027659_100500/,Anuncio actualizado el 20/01/2025,"D, D","D, D",santa_coloma_de_gramenet (BCN),61 m²,55 m²,2,1,,SA3620-0683-672-936-V4,,Parquet,,,,,,,,,,,N/A,,,Semisótano,Más de 50 años,,,A reformar,,,,,,,,,,,,,,,,,,,
Piso en Carrer de Nàpols,SEGURPISO GESTION INMOBILIARIA,2.403 €/m²,149.000 €,62 m²,https://www.pisos.com/comprar/piso-llati_riera_alta_cementiri_vell08921-50933253955_528240/,Anuncio actualizado el 19/02/2025,"E, E","E, E",santa_coloma_de_gramenet (BCN),62 m²,60 m²,2,1,,4528240-000024,,Parquet,N/A,,,N/A,,,,,,Suroeste,,,,Bajo,Más de 50 años,,,Reformado,Entre 10 y 20 €,,,Aluminio,,N/A,,,,,,,,,,,,,
Piso en Carrer de Singuerlín,Aliseda Inmobiliaria,1.738 €/m²,113.000 €,65 m²,https://www.pisos.com/comprar/piso-singuerlin_les_oliveres_can_franquesa_guinardera08-41731981037_105900/,Anuncio actualizado el 24/10/2024,Error al procesar consumo,Error al procesar emisiones,santa_coloma_de_gramenet (BCN),65 m²,,3,1,,AN1-ANT00030657070,,,,,,,,,,,,,,,,,,,,,,,,,,,,,,,,,,,,,,,
Piso en Carrer del Bruc,Aliseda Inmobiliaria,1.333 €/m²,96.000 €,72 m²,https://www.pisos.com/comprar/piso-santa_coloma_de_gramenet_fondo08922-41674695101_105900/,Anuncio actualizado el 19/12/2024,Error al procesar consumo,Error al procesar emisiones,santa_coloma_de_gramenet (BCN),72 m²,,3,1,,AN1-ANT00030672926,,,,,,,,,,,,,,,,,,,,,,,,,,,,,,,,,,,,,,,
Piso en Carrer de Wagner,FINQUES ENRIC,2.068 €/m²,120.000 €,58 m²,https://www.pisos.com/comprar/piso-santa_coloma_de_gramenet_fondo08922-50865077824_100500/,Anuncio actualizado el 03/02/2025,"E, E","E, E",santa_coloma_de_gramenet (BCN),58 m²,52 m²,2,1,N/A,SA5788-6135,,,,,,,,,,,,Sur,,,,1ª,Entre 30 y 50 años,,,En buen estado,,,,,,,,,,,,,,,,,,,
Casa en Carrer d'Eiximenis,"Punt Sagrada Família, S.L.",2.589 €/m²,580.000 €,224 m²,https://www.pisos.com/comprar/casa-singuerlin_les_oliveres_can_franquesa_guinardera08-50866774585_103700/,Anuncio actualizado el 17/02/2025,"G, G","G, G",santa_coloma_de_gramenet (BCN),224 m²,,4,3,,BLU5-LCB34444,,,,,N/A,,N/A,,,,N/A,,,,N/A,,Entre 30 y 50 años,,,En buen estado,,,,,,,,N/A,,,,,,,N/A,,,,
Piso en Avenida Amadeu Vives,Aliseda Inmobiliaria,2.037 €/m²,110.000 €,54 m²,https://www.pisos.com/comprar/piso-santa_coloma_de_gramenet_fondo08917-42565238694_105900/,Anuncio actualizado el 20/02/2025,Error al procesar consumo,Error al procesar emisiones,santa_coloma_de_gramenet (BCN),54 m²,,2,1,,AN1-ANT00030678488,,,,,,,,,,,,,,,,,,,,,,,,,,,,,,,,,,,,,,,
Piso en Carrer de la Salut,Aliseda Inmobiliaria,1.850 €/m²,161.000 €,87 m²,https://www.pisos.com/comprar/piso-llati_riera_alta_cementiri_vell08921-41718514584_105900/,Anuncio actualizado el 25/01/2025,Error al procesar consumo,Error al procesar emisiones,santa_coloma_de_gramenet (BCN),87 m²,,3,1,,AN1-ANT00030672864,,,,,,,,,,,,,,,,,,,,,,,,,,,,,,,,,,,,,,,
Piso en calle en Singuerlin,LA CASA AGENCY CASTELLDEFELS,2.428 €/m²,170.000 €,70 m²,https://www.pisos.com/comprar/piso-singuerlin_les_oliveres_can_franquesa_guinardera08-50858902972_103700/,Anuncio actualizado el 19/02/2025,"G, G","G, G",santa_coloma_de_gramenet (BCN),70 m²,,3,1,N/A,BLU1-LCB34719,,,,,,,,,,,,,,,,,Más de 50 años,,,En buen estado,,,,,,,,,N/A,,,,,,,,,,
Piso en Carrer de Mossèn Jacint Verdaguer,FINCAS BERNAL,1.650 €/m²,99.000 €,60 m²,https://www.pisos.com/comprar/piso-riu_nord_riu_sud08922-51698986597_528265/,Anuncio actualizado el 19/02/2025,"G, G","G, G",santa_coloma_de_gramenet (BCN),60 m²,56 m²,2,1,,4528265-000017,,,,,,,,,,,,Norte,,,,Bajo,Más de 50 años,,,A reformar,,,,,,,,,,,,,,,,,,,
Piso en Avenida Franz Liszt,Aliseda Inmobiliaria,1.873 €/m²,118.000 €,63 m²,https://www.pisos.com/comprar/piso-santa_coloma_de_gramenet_fondo08917-46708178523_105900/,Anuncio actualizado el 19/12/2024,Error al procesar consumo,Error al procesar emisiones,santa_coloma_de_gramenet (BCN),63 m²,,2,1,,AN1-ANT00030678381,,,,,,,,,,,,,,,,,,,,,,,,,,,,,,,,,,,,,,,
"Piso en Carrer del Mas Marí, nº .",Housfy real Estate,2.289 €/m²,190.000 €,83 m²,https://www.pisos.com/comprar/piso-raval_santa_rosa_safaretjos08923-51681192446_109300/,Anuncio actualizado el 15/02/2025,Error al procesar consumo,Error al procesar emisiones,santa_coloma_de_gramenet (BCN),83 m²,83 m²,3,1,,EP442-848409,,,,,N/A,,,,,,N/A,,,,,2ª,,,,,,,,,,,,,,,,,,,,,,,
Ático en Llatí-Riera Alta-Cementiri Vell,Engel & Völkers MMC Barcelona,2.621 €/m²,377.500 €,144 m²,https://www.pisos.com/comprar/atico-llati_riera_alta_cementiri_vell08921-44182073704_101800/,Anuncio actualizado el 31/05/2024,"A, A","A, A",santa_coloma_de_gramenet (BCN),144 m²,,2,2,,IF76306-I-00YAZA-W-02VYBZ,,,,,Central,N/A,,,N/A,,N/A,,,,,,Menos de 5 años,,,,,,,,,,,,,,,,,,,,,,
Piso en Carrer del Doctor Pagès,Aliseda Inmobiliaria,2.467 €/m²,192.500 €,78 m²,https://www.pisos.com/comprar/piso-centre_can_mariner08922-42582708883_105900/,Anuncio actualizado el 29/01/2025,Error al procesar consumo,Error al procesar emisiones,santa_coloma_de_gramenet (BCN),78 m²,,3,1,,AN1-ANT00030672785,,,,,,,,,,,,,,,,,,,,,,,,,,,,,,,,,,,,,,,
Piso en Passeig de la Salzereda,ATICNOU,3.833 €/m²,230.000 €,60 m²,https://www.pisos.com/comprar/piso-riu_nord_riu_sud08922-50921605714_518281/,Anuncio actualizado el 14/02/2025,"E, E","E, E",santa_coloma_de_gramenet (BCN),60 m²,55 m²,3,1,N/A,4518281-TWRE-00490,,Parquet,,,Gas natural,,,,N/A,,,,,,,2ª,Más de 50 años,,,En buen estado,,,,Aluminio,,,,,N/A,,,,,,,,,,
Piso en Carrer de Wagner,Aliseda Inmobiliaria,1.833 €/m²,121.000 €,66 m²,https://www.pisos.com/comprar/piso-santa_coloma_de_gramenet_fondo08922-41713342949_105900/,Anuncio actualizado el 24/10/2024,Error al procesar consumo,Error al procesar emisiones,santa_coloma_de_gramenet (BCN),66 m²,,3,1,,AN1-ANT00030672892,,,,,,,,,,,,,,,,,,,,,,,,,,,,,,,,,,,,,,,
Piso en Carrer d'en Pons i Pons,Aliseda Inmobiliaria,2.029 €/m²,170.500 €,84 m²,https://www.pisos.com/comprar/piso-raval_santa_rosa_safaretjos08923-49189205210_105900/,Anuncio actualizado el 28/01/2025,Error al procesar consumo,Error al procesar emisiones,santa_coloma_de_gramenet (BCN),84 m²,,4,1,,AN1-ANT00030672559,,,,,,,,,,,,,,,,,,,,,,,,,,,,,,,,,,,,,,,
Piso en Carrer de Sicília,Aliseda Inmobiliaria,1.966 €/m²,175.000 €,89 m²,https://www.pisos.com/comprar/piso-llati_riera_alta_cementiri_vell08921-41722315008_105900/,Anuncio actualizado el 24/10/2024,Error al procesar consumo,Error al procesar emisiones,santa_coloma_de_gramenet (BCN),89 m²,,3,1,,AN1-ANT00030672650,,,,,,,,,,,N/A,,,,,,,,,,,,,,,,,,N/A,,,,,,,,,,
"Piso en Carrer de Florència, 63",Housfy real Estate,1.830 €/m²,130.000 €,71 m²,https://www.pisos.com/comprar/piso-llati_riera_alta_cementiri_vell08917-45892040858_109300/,Anuncio actualizado el 07/02/2025,Error al procesar consumo,Error al procesar emisiones,santa_coloma_de_gramenet (BCN),71 m²,71 m²,3,1,,EP442-645635,,,,N/A,,,,,,,,,,,,2ª,,,,,,,,,,,,,,,,,,,,,,,
Piso en Carrer de Nàpols,FINCAS BERNAL,2.403 €/m²,149.000 €,62 m²,https://www.pisos.com/comprar/piso-llati_riera_alta_cementiri_vell08921-45002480658_528265/,Anuncio actualizado el 19/02/2025,"E, E","E, E",santa_coloma_de_gramenet (BCN),62 m²,60 m²,2,1,,4528265-000003,,,,,,N/A,,,,,,Noroeste,N/A,,,Bajo,Más de 50 años,,,A estrenar,,,,,N/A,,,,,,,,,,,,,,
Piso en Carrer del Bruc,Aliseda Inmobiliaria,1.729 €/m²,147.000 €,85 m²,https://www.pisos.com/comprar/piso-santa_coloma_de_gramenet_fondo08923-41721736160_105900/,Anuncio actualizado el 24/10/2024,Error al procesar consumo,Error al procesar emisiones,santa_coloma_de_gramenet (BCN),85 m²,,3,1,,AN1-ANT00030655420,,,,,,,,,,,,,,,,,,,,,,,,,,,,,,,,,,,,,,,
Piso en Carrer de Beethoven,MERCAT IMMOBILIARI CATALA,2.545 €/m²,140.000 €,55 m²,https://www.pisos.com/comprar/piso-llati_riera_alta_cementiri_vell08921-50867759854_106000/,Anuncio actualizado el 22/01/2025,Error al procesar consumo,Error al procesar emisiones,santa_coloma_de_gramenet (BCN),55 m²,50 m²,2,1,,NI268-PORTA-4195MA,,,,,,,,,,,,,,,,1ª,,,,,,,,Aluminio,,,,,,,,,,Gas natural,,,,,
Piso en Avenida San Ignacio,Aliseda Inmobiliaria,1.507 €/m²,95.000 €,63 m²,https://www.pisos.com/comprar/piso-centre_can_mariner08922-40055210295_104500/,Anuncio actualizado el 05/02/2025,Error al procesar consumo,Error al procesar emisiones,santa_coloma_de_gramenet (BCN),63 m²,,3,1,,ASR1-SRB0000005525,,,,,,,,,,,,,,,,,,,,,,,,,,,,,,,,,,,,,,,
Piso en Carrer dels Roviralta,Aliseda Inmobiliaria,1.754 €/m²,103.500 €,59 m²,https://www.pisos.com/comprar/piso-centre_can_mariner08922-41686079206_105900/,Anuncio actualizado el 19/12/2024,Error al procesar consumo,Error al procesar emisiones,santa_coloma_de_gramenet (BCN),59 m²,,3,1,,AN1-ANT00030648635,,,,,,,,,,,,,,,,,,,,,,,,,,,,,,,,,,,,,,,
Piso en Carrer de Milà i Fontanals,MONAPART,2.467 €/m²,190.000 €,77 m²,https://www.pisos.com/comprar/piso-centre_can_mariner08922-50846123773_101800/,Anuncio actualizado el 11/02/2025,"E, D","E, D",santa_coloma_de_gramenet (BCN),77 m²,,3,1,,IF76872-DT0100-4484,,,,,Central,N/A,,,,,N/A,,,,,3ª,Más de 50 años,,,,,,,,,,,,,,,,,,,,,,
Piso en Carrer del Mas Marí,Aliseda Inmobiliaria,1.450 €/m²,87.000 €,60 m²,https://www.pisos.com/comprar/piso-raval_santa_rosa_safaretjos08923-43432857334_105900/,Anuncio actualizado el 19/12/2024,Error al procesar consumo,Error al procesar emisiones,santa_coloma_de_gramenet (BCN),60 m²,,3,1,,AN1-ANT00047720136,,,,,,,,,,,,,,,,,,,,,,,,,,,,,,,,,,,,,,,
Casa en Singuerlín-Les Oliveres-Can Franquesa-Guinardera,Engel & Völkers MMC Barcelona,3.151 €/m²,520.000 €,165 m²,https://www.pisos.com/comprar/casa-singuerlin_les_oliveres_can_franquesa_guinardera08-50856400317_101800/,Anuncio actualizado el 24/01/2025,Error al procesar consumo,Error al procesar emisiones,santa_coloma_de_gramenet (BCN),165 m²,,4,3,,IF76306-I-00YZ4L-W-02Y7CD,,,,,Central,N/A,,,,,N/A,,,,Privado,,Entre 20 y 30 años,,,,,,,,,,200 m²,,,,,,,,,,,,
Piso en Carrer de Roma,Aliseda Inmobiliaria,1.840 €/m²,127.000 €,69 m²,https://www.pisos.com/comprar/piso-llati_riera_alta_cementiri_vell08921-41711803989_105900/,Anuncio actualizado el 19/12/2024,Error al procesar consumo,Error al procesar emisiones,santa_coloma_de_gramenet (BCN),69 m²,,3,1,,AN1-ANT00047722423,,,,,,,,,,,,,,,,,,,,,,,,,,,,,,,,,,,,,,,
Casa adosada en Llatí-Riera Alta-Cementiri Vell,"ESTUDI NOVA RIPOLLET, S.L.U.",2.941 €/m²,299.999 €,102 m²,https://www.pisos.com/comprar/casa_adosada-llati_riera_alta_cementiri_vell08921-51731290311_100200/,Anuncio actualizado el 07/02/2025,Error al procesar consumo,Error al procesar emisiones,santa_coloma_de_gramenet (BCN),102 m²,,3,1,,TC682-609016,,,,,N/A,,,,,,N/A,,,,,,Más de 50 años,,,En buen estado,,,,,,,,,,,,,,,,Adosada,,,
Piso en Raval-Santa Rosa-Safaretjos,"ESTUDI SANTA COLOMA, S.L.U",1.213 €/m²,82.500 €,68 m²,https://www.pisos.com/comprar/piso-raval_santa_rosa_safaretjos08923-47508309217_100200/,Anuncio actualizado el 30/01/2025,Error al procesar consumo,Error al procesar emisiones,santa_coloma_de_gramenet (BCN),68 m²,,,1,,TC204-594552,,,,,,,,,,,,,,,,,Más de 50 años,,,En buen estado,,,,,,,,,,,,,,,,,,,
Piso en Carrer d'en Pons i Pons,WEST SIDE,2.029 €/m²,170.500 €,84 m²,https://www.pisos.com/comprar/piso-raval_santa_rosa_safaretjos08923-50904756107_100500/,Anuncio actualizado el 16/01/2025,"D, D","D, D",santa_coloma_de_gramenet (BCN),84 m²,80 m²,4,1,N/A,SA3620-0737-672-559-V2,,Gres,,,Gas natural,Cocina amueblada,,,,,,,,,,2ª,Más de 50 años,N/A,,En buen estado,,,,,,,,,N/A,N/A,,,,,,,,,
Piso en Fondo,LH INMOBILIARIA,1.923 €/m²,175.000 €,91 m²,https://www.pisos.com/comprar/piso-santa_coloma_de_gramenet_fondo08922-49209060973_100500/,Anuncio actualizado el 10/02/2025,"G, F","G, F",santa_coloma_de_gramenet (BCN),91 m²,73 m²,4,1,,SA388-LH-1-9099/2734,,,,,,,,,,,N/A,,,,,4ª,Más de 50 años,,,,,,,,,,,,,,,,,,,,,,
Piso en Carrer de Nàpols,Aliseda Inmobiliaria,2.049 €/m²,125.000 €,61 m²,https://www.pisos.com/comprar/piso-llati_riera_alta_cementiri_vell08917-41718402741_105900/,Anuncio actualizado el 19/12/2024,Error al procesar consumo,Error al procesar emisiones,santa_coloma_de_gramenet (BCN),61 m²,,2,1,,AN1-ANT00030672627,,,,,,,,,,,,,,,,,,,,,,,,,,,,,,,,,,,,,,,
Piso en Avenida Magallanes,Aliseda Inmobiliaria,1.606 €/m²,104.400 €,65 m²,https://www.pisos.com/comprar/piso-centre_can_mariner08922-41722992326_105900/,Anuncio actualizado el 19/12/2024,Error al procesar consumo,Error al procesar emisiones,santa_coloma_de_gramenet (BCN),65 m²,,3,1,,AN1-ANT00030672881,,,,,,,,,,,,,,,,,,,,,,,,,,,,,,,,,,,,,,,
Piso en Carrer de Torras i Bages,Aliseda Inmobiliaria,1.951 €/m²,121.000 €,62 m²,https://www.pisos.com/comprar/piso-raval_santa_rosa_safaretjos08923-41738333452_105900/,Anuncio actualizado el 24/10/2024,Error al procesar consumo,Error al procesar emisiones,santa_coloma_de_gramenet (BCN),62 m²,,2,1,,AN1-ANT00030672633,,,,,,,,,,,,,,,,,,,,,,,,,,,,,,,,,,,,,,,
Piso en Santa Rosa,GROCASA,1.847 €/m²,219.900 €,119 m²,https://www.pisos.com/comprar/piso-raval_santa_rosa_safaretjos08923-50870565669_109300/,Anuncio actualizado el 17/01/2025,Error al procesar consumo,Error al procesar emisiones,santa_coloma_de_gramenet (BCN),119 m²,90 m²,3,1,,EP743-1193615,,Parquet,,N/A,Individual,Office,,N/A,,,,N/A,,,,1ª,Más de 50 años,N/A,,,,,,Aluminio,,,,,N/A,,,,,,,,,,
Piso en Passeig d'en Llorenç Serra,Aliseda Inmobiliaria,2.935 €/m²,273.000 €,93 m²,https://www.pisos.com/comprar/piso-riu_nord_riu_sud08921-48382179565_105900/,Anuncio actualizado el 19/12/2024,Error al procesar consumo,Error al procesar emisiones,santa_coloma_de_gramenet (BCN),93 m²,,3,1,,AN1-ANT00030672856,,,,,,,,,,,,,,,,,,,,,,,,,,,,,,,,,,,,,,,
Piso en Santa Coloma de Gramanet,LA CASA AGENCY ECV,3.600 €/m²,374.500 €,104 m²,https://www.pisos.com/comprar/piso-riu_nord_riu_sud08922-48360399212_103700/,Anuncio actualizado el 17/02/2025,"G, G","G, G",santa_coloma_de_gramenet (BCN),104 m²,87 m²,1,1,N/A,BLU3-LCB31609,,,,,N/A,,N/A,,N/A,,N/A,,,,,,Menos de 5 años,,,Reformado,,,,,,,,N/A,,,,,,,,,,,
Piso en Fondo,HOGAREA,2.613 €/m²,169.900 €,65 m²,https://www.pisos.com/comprar/piso-santa_coloma_de_gramenet_fondo08922-51757224651_108900/,Anuncio actualizado el 18/02/2025,Error al procesar consumo,Error al procesar emisiones,santa_coloma_de_gramenet (BCN),65 m²,58 m²,3,1,,XA484-10001,,,,,,,,,N/A,,N/A,,,,,1ª,,,,,,,,,,,,,,,,,,N/A,,,,,
Piso en Carrer d'en Baró,Aliseda Inmobiliaria,2.000 €/m²,154.000 €,77 m²,https://www.pisos.com/comprar/piso-riu_nord_riu_sud08921-41674103052_105900/,Anuncio actualizado el 19/12/2024,Error al procesar consumo,Error al procesar emisiones,santa_coloma_de_gramenet (BCN),77 m²,,1,1,,AN1-ANT00030672697,,,,,N/A,,,,,,N/A,,,,,,,,,,,,,,,,,,N/A,,,,,,,,,,
Piso en Fondo,JS INMOBILIARIA.,928 €/m²,39.000 €,42 m²,https://www.pisos.com/comprar/piso-santa_coloma_de_gramenet_fondo08923-51714217857_101800/,Anuncio actualizado el 14/02/2025,"G, G","G, G",santa_coloma_de_gramenet (BCN),42 m²,,2,1,,IF77150-39k,,,,,,,,,,,,,,,,,Entre 30 y 50 años,,,,,,,,,,,,,,,,,,,,,,
Piso en Carrer del Bruc,Aliseda Inmobiliaria,1.911 €/m²,130.000 €,68 m²,https://www.pisos.com/comprar/piso-santa_coloma_de_gramenet_fondo08923-41762032484_105900/,Anuncio actualizado el 19/12/2024,Error al procesar consumo,Error al procesar emisiones,santa_coloma_de_gramenet (BCN),68 m²,,3,1,,AN1-ANT00030672792,,,,,,,,,,,N/A,,,,,,,,,,,,,,,,,,N/A,,,,,,,,,,
Piso en Carrer de la Cultura,LA CASA AGENCY CASTELLDEFELS,2.418 €/m²,295.000 €,122 m²,https://www.pisos.com/comprar/piso-riu_nord_riu_sud08922-47577345449_103700/,Anuncio actualizado el 19/02/2025,"G, G","G, G",santa_coloma_de_gramenet (BCN),122 m²,,3,2,N/A,BLU1-LCB32338,,,,,N/A,,,,N/A,,,,,,,,Entre 20 y 30 años,,,En buen estado,,,,,,,,,N/A,,,,,,,,,,
Piso en Carrer de Santiago Rusiñol,Aliseda Inmobiliaria,2.304 €/m²,147.500 €,64 m²,https://www.pisos.com/comprar/piso-singuerlin_les_oliveres_can_franquesa_guinardera08-41704489938_105900/,Anuncio actualizado el 24/10/2024,Error al procesar consumo,Error al procesar emisiones,santa_coloma_de_gramenet (BCN),64 m²,,3,1,,AN1-ANT00030672708,,,,,,,,,N/A,,,,,,,,,,,,,,,,,,,,,,,,,,,,,,
Piso en calle Ps Salzereda,ONREALE REAL ESTATE SERVICES,3.239 €/m²,230.000 €,71 m²,https://www.pisos.com/comprar/piso-riu_nord_riu_sud08922-45009224282_109300/,Anuncio actualizado el 17/01/2025,Error al procesar consumo,Error al procesar emisiones,santa_coloma_de_gramenet (BCN),71 m²,64 m²,3,1,,EP839-PB-ON240764,,,,,,N/A,,,N/A,,,,,,,2ª,Más de 50 años,,,En buen estado,,,,,,,,,,,,,,,,,,,
Piso en Carrer de Verdi,INMOIBERIA,1.923 €/m²,175.000 €,91 m²,https://www.pisos.com/comprar/piso-santa_coloma_de_gramenet_fondo08922-49231844993_527269/,Anuncio actualizado el 06/02/2025,"G, F","G, F",santa_coloma_de_gramenet (BCN),91 m²,72 m²,4,1,N/A,527269-9001-1-9099,,,,,,N/A,,,,,N/A,,,,,4ª,Más de 50 años,,,En buen estado,,,,,,,,,,,,,,,,,,,
Piso en Santa Coloma de Gramenet,LA CASA AGENCY ECV,4.772 €/m²,429.500 €,90 m²,https://www.pisos.com/comprar/piso-singuerlin_les_oliveres_can_franquesa_guinardera08-50016219803_103700/,Anuncio actualizado el 19/02/2025,"E, F","E, F",santa_coloma_de_gramenet (BCN),90 m²,,4,2,N/A,BLU3-LCB33993,,,,,N/A,,,,,,N/A,,,,,,Entre 30 y 50 años,,,En buen estado,,,,,,,,N/A,,,,,,,,,,,
Piso en Carrer de Milà i Fontanals,Aliseda Inmobiliaria,1.297 €/m²,109.000 €,84 m²,https://www.pisos.com/comprar/piso-santa_coloma_de_gramenet_fondo08922-41733903274_105900/,Anuncio actualizado el 24/10/2024,Error al procesar consumo,Error al procesar emisiones,santa_coloma_de_gramenet (BCN),84 m²,,3,1,,AN1-ANT00030648468,,,,,,,,,,,,,,,,,,,,,,,,,,,,,,,,,,,,,,,
Piso en Riu,GROCASA,2.932 €/m²,349.000 €,119 m²,https://www.pisos.com/comprar/piso-centre_can_mariner08921-49202101814_109300/,Anuncio actualizado el 29/01/2025,Error al procesar consumo,Error al procesar emisiones,santa_coloma_de_gramenet (BCN),119 m²,109 m²,4,2,,EP743-1485917,,Terrazo,,N/A,Individual,Americana,,,N/A,,,N,,,,3ª,Entre 30 y 50 años,,,,130,,,Aluminio,,,,,N/A,,,,,,,,,,
Casa en Carrer de Sants,FINCAS INTER-HOGAR Barcelona,2.619 €/m²,330.000 €,126 m²,https://www.pisos.com/comprar/casa-singuerlin_les_oliveres_can_franquesa_guinardera08-50873779430_100500/,Anuncio actualizado el 20/02/2025,Error al procesar consumo,Error al procesar emisiones,santa_coloma_de_gramenet (BCN),126 m²,80 m²,4,1,,SA5805-sSants05/12415,1,Gres,,,Eléctrica,,N/A,,,,N/A,,,N/A,N/A,,Más de 50 años,,,,,N/A,,,,,,,,,,,,,,,,,
Casa en Carrer de Sants,VICTORIA DIEGO AGENTE INMOBILARIO,Error al procesar precio m²,A consultar,285 m²,https://www.pisos.com/comprar/casa-singuerlin_les_oliveres_can_franquesa_guinardera08-51675130858_529351/,Anuncio actualizado el 14/02/2025,Error al procesar consumo,Error al procesar emisiones,santa_coloma_de_gramenet (BCN),285 m²,248 m²,4,6,,529351-000018,Más de 2,Parquet,Blindados,Frío y calor,Gas natural,Con mas de 20 m²,,Con medidas de seguridad,,,180,Noreste,,,Privado,,Entre 20 y 30 años,N/A,N/A,A estrenar,,,Roble,Aluminio,Alumbrado con salida a terraza,,,Más de 2,,,N/A,Natural,N/A,,,,,,Parket
Piso en Santa Coloma de Gramanet,LA CASA AGENCY ECV,4.577 €/m²,444.000 €,97 m²,https://www.pisos.com/comprar/piso-riu_nord_riu_sud08922-48407234618_103700/,Anuncio actualizado el 19/02/2025,"G, G","G, G",santa_coloma_de_gramenet (BCN),97 m²,82 m²,3,2,N/A,BLU3-LCB31599,,,,,N/A,,N/A,,N/A,,N/A,,,,,,Menos de 5 años,,,Reformado,,,,,,,,N/A,N/A,,,,,,,,,,
Dúplex en Carrer de Singuerlín,Hi Homie,1.571 €/m²,297.000 €,189 m²,https://www.pisos.com/comprar/duplex-singuerlin_les_oliveres_can_franquesa_guinardera08-23337035759_100500/,Anuncio actualizado el 16/10/2024,Error al procesar consumo,Error al procesar emisiones,santa_coloma_de_gramenet (BCN),189 m²,170 m²,3,2,N/A,SA3398-Duplexsinguerllin2,,Parquet,,Frío,Central,Cocina amueblada,,,,,N/A,,,,,1ª,Entre 20 y 30 años,,,En buen estado,Entre 20 y 40 €,,,,,,,,N/A,N/A,,,,,,,,,
Casa adosada en Carrer de Gènova,FINQUES ENRIC,2.099 €/m²,380.000 €,181 m²,https://www.pisos.com/comprar/casa_adosada-llati_riera_alta_cementiri_vell08921-50881030176_100500/,Anuncio actualizado el 04/02/2025,"E, D","E, D",santa_coloma_de_gramenet (BCN),181 m²,180 m²,4,3,,SA5788-6130,1,,,N/A,,,,,,,N/A,Sur,,,N/A,,Entre 30 y 50 años,,,En buen estado,,,,,,,,1,,,,,,,,Adosada,,,
Piso en Santa Coloma de Gramenet,LA CASA AGENCY CASTELLDEFELS,2.813 €/m²,230.700 €,82 m²,https://www.pisos.com/comprar/piso-riu_nord_riu_sud08922-51681396582_103700/,Anuncio actualizado el 19/02/2025,"G, G","G, G",santa_coloma_de_gramenet (BCN),82 m²,,3,1,N/A,BLU1-LCB35123,,,,,,,,,N/A,,,,,,,,Más de 50 años,,,En buen estado,,,,,,,,,N/A,,,,,,,,,,
Casa en Singuerlin,FINCAS INTER-HOGAR Barcelona,1.754 €/m²,500.000 €,285 m²,https://www.pisos.com/comprar/casa-singuerlin_les_oliveres_can_franquesa_guinardera-50848428030_100500/,Anuncio actualizado el 20/02/2025,Error al procesar consumo,Error al procesar emisiones,santa_coloma_de_gramenet (BCN),285 m²,182 m²,5,3,,SA5805-sSants07/12415,,,,N/A,,,N/A,N/A,,,N/A,,,N/A,N/A,,Entre 20 y 30 años,,,,,,,,,,,,,,,,,,,,N/A,,
Piso en Avenida Pau Piferrer,Aliseda Inmobiliaria,836 €/m²,73.600 €,88 m²,https://www.pisos.com/comprar/piso-santa_coloma_de_gramenet_fondo08923-41760570186_105900/,Anuncio actualizado el 19/12/2024,Error al procesar consumo,Error al procesar emisiones,santa_coloma_de_gramenet (BCN),88 m²,,3,1,,AN1-ANT00030678611,,,,,,,,,,,,,,,,,,,,,,,,,,,,,,,,,,,,,,,
Piso en Avinguda de la Generalitat,LA CASA AGENCY CASTELLDEFELS,2.134 €/m²,190.000 €,89 m²,https://www.pisos.com/comprar/piso-raval_santa_rosa_safaretjos08923-51747178677_103700/,Anuncio actualizado el 19/02/2025,"C, C","C, C",santa_coloma_de_gramenet (BCN),89 m²,79 m²,3,1,N/A,BLU1-LCB35145,,,,,,,,,N/A,,,,,,,,Entre 30 y 50 años,,,En buen estado,,,,,,,,,,,N/A,,,,,,,,
Piso en Carrer de Beethoven,Aliseda Inmobiliaria,2.281 €/m²,141.450 €,62 m²,https://www.pisos.com/comprar/piso-llati_riera_alta_cementiri_vell08921-48416679332_107000/,Anuncio actualizado el 05/02/2025,Error al procesar consumo,Error al procesar emisiones,santa_coloma_de_gramenet (BCN),62 m²,,3,1,,AS1-52716385,,,,,,N/A,,,,,,,,,,,,,,,,,,,,,,,,,,,,,,,,,
Piso en Raval-Santa Rosa-Safaretjos,LA CASA AGENCY DEUSTO,2.180 €/m²,102.500 €,47 m²,https://www.pisos.com/comprar/piso-raval_santa_rosa_safaretjos08923-49244420505_101800/,Anuncio actualizado el 21/01/2025,"G, G","G, G",santa_coloma_de_gramenet (BCN),47 m²,,2,1,,IF77097-LCB33558,,,,,,,,,,,,,,,,2ª,Más de 50 años,,,,,,,,,,,,,,,,,,,,,,
Piso en El Raval,GROCASA,2.230 €/m²,198.500 €,89 m²,https://www.pisos.com/comprar/piso-riu_nord_riu_sud08922-47540994331_109300/,Anuncio actualizado el 23/12/2024,Error al procesar consumo,Error al procesar emisiones,santa_coloma_de_gramenet (BCN),89 m²,70 m²,3,1,,EP743-1662695,,Parquet,,,Individual,Office,,,N/A,,,N,,,,1ª,Entre 30 y 50 años,N/A,,,,,,Aluminio,,,,,,,,,,,,,,,
Piso en Centro,GROCASA,4.102 €/m²,279.000 €,68 m²,https://www.pisos.com/comprar/piso-centre_can_mariner08922-49233200407_109300/,Anuncio actualizado el 23/12/2024,"G, F","G, F",santa_coloma_de_gramenet (BCN),68 m²,58 m²,2,1,,EP743-1190274,,Cerámico,,N/A,Individual,Office,N/A,N/A,N/A,,18,No,,,,5ª,Entre 30 y 50 años,N/A,,,,,,Otro,,,,,,,,,,,,,,,
Ático en Avinguda de la Generalitat,LA CASA AGENCY CASTELLDEFELS,4.818 €/m²,279.500 €,58 m²,https://www.pisos.com/comprar/atico-centre_can_mariner08922-48408220287_103700/,Anuncio actualizado el 19/02/2025,"G, F","G, F",santa_coloma_de_gramenet (BCN),58 m²,,2,1,N/A,BLU1-LCB32928,,,,,N/A,,,,N/A,,N/A,,,,,,Entre 30 y 50 años,,,En buen estado,,,,,,,,,,,,,,,,,,,
Chalet en Carrer de Mozart,Flamat Sant Andreu,2.500 €/m²,310.000 €,124 m²,https://www.pisos.com/comprar/chalet-santa_coloma_de_gramenet_fondo08917-50906375606_100500/,Anuncio actualizado el 20/02/2025,Error al procesar consumo,Error al procesar emisiones,santa_coloma_de_gramenet (BCN),124 m²,,4,2,,SA5615-EN - SANTA COLOMA MBM,1,,,,,,,,,,N/A,,,,,,Entre 30 y 50 años,,,En buen estado,,,,,,,,,,,,,,,,,,,
Piso en Carrer de Milà i Fontanals,Aliseda Inmobiliaria,1.933 €/m²,116.000 €,60 m²,https://www.pisos.com/comprar/piso-santa_coloma_de_gramenet_fondo08922-41697758727_105900/,Anuncio actualizado el 24/10/2024,Error al procesar consumo,Error al procesar emisiones,santa_coloma_de_gramenet (BCN),60 m²,,3,1,,AN1-ANT00030651194,,,,,,,,,,,,,,,,,,,,,,,,,,,,,,,,,,,,,,,
"Casa en Carrer d'Isaac Albéniz, 18",INMOTARGET,2.284 €/m²,450.000 €,197 m²,https://www.pisos.com/comprar/casa-singuerlin_les_oliveres_can_franquesa_guinardera08-28365438478_108900/,Anuncio actualizado el 14/02/2025,Error al procesar consumo,Error al procesar emisiones,santa_coloma_de_gramenet (BCN),197 m²,165 m²,5,3,,XA757-ON-AVK01,,,,,,Americana,N/A,,,,,,,,,,Menos de 5 años,,,A estrenar,,,,,,,,N/A,,,,,,,,,,,
Piso en Singuerlín,LA CASA AGENCY ECV,3.333 €/m²,1.550.000 €,465 m²,https://www.pisos.com/comprar/piso-singuerlin_les_oliveres_can_franquesa_guinardera08-48344058870_103700/,Anuncio actualizado el 18/02/2025,"G, G","G, G",santa_coloma_de_gramenet (BCN),465 m²,,26,16,N/A,BLU3-LCB23730,,,,,,,,,,,N/A,,,,,,Más de 50 años,,,En buen estado,,,,,,,,,N/A,,,,,,,,,,
Piso en Carrer de Beethoven,Aliseda Inmobiliaria,1.602 €/m²,125.000 €,78 m²,https://www.pisos.com/comprar/piso-santa_coloma_de_gramenet_fondo08922-41709398028_105900/,Anuncio actualizado el 24/10/2024,Error al procesar consumo,Error al procesar emisiones,santa_coloma_de_gramenet (BCN),78 m²,,3,1,,AN1-ANT00030672872,,,,,,,,,,,,,,,,,,,,,,,,,,,,,,,,,,,,,,,
Piso en Carrer de Sant Joaquim,Aliseda Inmobiliaria,2.327 €/m²,142.000 €,61 m²,https://www.pisos.com/comprar/piso-riu_nord_riu_sud08922-41683639077_105900/,Anuncio actualizado el 24/10/2024,Error al procesar consumo,Error al procesar emisiones,santa_coloma_de_gramenet (BCN),61 m²,,1,1,,AN1-ANT00030672912,,,,,,,,,,,,,,,,,,,,,,,,,,,,,,,,,,,,,,,
Ático en Carrer del Doctor Pagès,LA CASA AGENCY CASTELLDEFELS,2.495 €/m²,179.700 €,72 m²,https://www.pisos.com/comprar/atico-centre_can_mariner08921-49195231694_103700/,Anuncio actualizado el 19/02/2025,"G, F","G, F",santa_coloma_de_gramenet (BCN),72 m²,,4,1,N/A,BLU1-LCB33441,,,,,N/A,,,,,,,,,,,,Más de 50 años,,,En buen estado,,,,,,,,,N/A,,,,,,,,,,
Piso en Carrer de Dalt de la Ciutadella,HIPOGES IBERIA,664 €/m²,242.000 €,364 m²,https://www.pisos.com/comprar/piso-centre_can_mariner08921-43405524992_100700/,Anuncio actualizado el 09/01/2025,Error al procesar consumo,Error al procesar emisiones,santa_coloma_de_gramenet (BCN),364 m²,,,,,SBRE-0134191,,,,,,,,,,,,,,,,,Más de 50 años,,,,,,,,,,,,,,,,,,,,,,
Piso en calle Dr. Torras I Bages,LA CASA AGENCY CASTELLDEFELS,2.842 €/m²,162.000 €,57 m²,https://www.pisos.com/comprar/piso-raval_santa_rosa_safaretjos08923-49256431725_103700/,Anuncio actualizado el 19/02/2025,"G, G","G, G",santa_coloma_de_gramenet (BCN),57 m²,,2,1,,BLU1-LCB33753,,,,,N/A,,,,,,N/A,,,,,,Más de 50 años,,,En buen estado,,,,,,,,,,,,,,,,,,,
Piso en Carrer dels Sagarra,LA CASA AGENCY CASTELLDEFELS,2.676 €/m²,265.000 €,99 m²,https://www.pisos.com/comprar/piso-centre_can_mariner08921-50833770069_103700/,Anuncio actualizado el 19/02/2025,"G, G","G, G",santa_coloma_de_gramenet (BCN),99 m²,,3,1,,BLU1-LCB34399,,,,,N/A,,,,,,N/A,,,,,,Más de 50 años,,,Reformado,,,,,,,,,,,,,,,,,,,
Piso en Carrer dels Pirineus,VIVANTIAL,1.197 €/m²,85.000 €,71 m²,https://www.pisos.com/comprar/piso-raval_santa_rosa_safaretjos08923-50874671177_109300/,Anuncio actualizado el 28/01/2025,Error al procesar consumo,Error al procesar emisiones,santa_coloma_de_gramenet (BCN),71 m²,66 m²,,,,EP618-15024-2025,,,,,,,,,,,,,,,,3ª,,,,,,,,,,N/A,,,,,,,,,,,,,
Ático en Carrer de Milà i Fontanals,CICLOACTIVOS S.L.,1.981 €/m²,105.000 €,53 m²,https://www.pisos.com/comprar/atico-centre_can_mariner-7579365394_991803/,Anuncio actualizado el 08/02/2025,Error al procesar consumo,Error al procesar emisiones,santa_coloma_de_gramenet (BCN),53 m²,37 m²,2,1,,4991803-32235,,,,,,,,,,,N/A,,,,,3ª,Entre 30 y 50 años,,,A reformar,,,,,,,,,,,,,,,,,,,
Dúplex en Zona Centro,GROCASA,2.513 €/m²,289.000 €,115 m²,https://www.pisos.com/comprar/duplex-centre_can_mariner08922-38363958394_109300/,Anuncio actualizado el 20/01/2025,Error al procesar consumo,Error al procesar emisiones,santa_coloma_de_gramenet (BCN),115 m²,96 m²,2,2,,EP743-1558635,,Mármol,,N/A,Individual,Office,,N/A,N/A,,9.17,O,,,,2ª,Entre 10 y 20 años,N/A,,,,N/A,,Aluminio,,N/A,,,N/A,,,,,,,,,,
Piso en Carrer de Torras i Bages,VIVANTIAL,847 €/m²,50.000 €,59 m²,https://www.pisos.com/comprar/piso-raval_santa_rosa_safaretjos08923-38342524678_109300/,Anuncio actualizado el 28/01/2025,Error al procesar consumo,Error al procesar emisiones,santa_coloma_de_gramenet (BCN),59 m²,59 m²,,,,EP618-10594-2045,,,,,,,,,,,,,,,,Bajo,,,,,,,,,,N/A,,,,,,,,,,,,,
Piso en Avinguda dels Banús,Aliseda Inmobiliaria,1.763 €/m²,127.000 €,72 m²,https://www.pisos.com/comprar/piso-raval_santa_rosa_safaretjos08923-41713858566_105900/,Anuncio actualizado el 24/10/2024,Error al procesar consumo,Error al procesar emisiones,santa_coloma_de_gramenet (BCN),72 m²,,3,1,,AN1-ANT00030648830,,,,,,,,,,,,,,,,,,,,,,,,,,,,,,,,,,,,,,,
Piso en Santa Coloma de Gramenet,LA CASA AGENCY CASTELLDEFELS,2.251 €/m²,299.500 €,133 m²,https://www.pisos.com/comprar/piso-riu_nord_riu_sud08922-51741264900_103700/,Anuncio actualizado el 19/02/2025,"G, G","G, G",santa_coloma_de_gramenet (BCN),133 m²,,3,1,,BLU1-LCB35044,,,,,,,,,,,N/A,,,,,,Más de 50 años,,,A reformar,,,,,,,,N/A,,,,,,,,,,,
Piso en Santa Coloma de Gramenet,LA CASA AGENCY CASTELLDEFELS,2.495 €/m²,259.500 €,104 m²,https://www.pisos.com/comprar/piso-llati_riera_alta_cementiri_vell08921-50041239639_103700/,Anuncio actualizado el 19/02/2025,"G, G","G, G",santa_coloma_de_gramenet (BCN),104 m²,,4,1,,BLU1-LCB33785,,,,,,,,,,,,,,,,,Más de 50 años,,,A reformar,,,,,,,,,N/A,,,,,,,,,,
Casa en Riera Alta-Llati,GROCASA,1.864 €/m²,509.000 €,273 m²,https://www.pisos.com/comprar/casa-llati_riera_alta_cementiri_vell08921-47535767220_109300/,Anuncio actualizado el 23/12/2024,"E, E","E, E",santa_coloma_de_gramenet (BCN),273 m²,111 m²,3,1,,EP743-1619471,,Parquet,,N/A,Individual,Americana,N/A,N/A,,,60,N/A,,,,,Entre 5 y 10 años,N/A,,,,N/A,,Aluminio,,,,Privado,,,,,,,,,,,
Piso en Raval-Santa Rosa-Safaretjos,Hounting,2.935 €/m²,182.000 €,62 m²,https://www.pisos.com/comprar/piso-raval_santa_rosa_safaretjos08923-51683924631_100500/,Anuncio actualizado el 11/02/2025,Error al procesar consumo,Error al procesar emisiones,santa_coloma_de_gramenet (BCN),62 m²,,3,1,N/A,SA5364-2001/20010024/4,,Gres,,,,,,,N/A,,,,,,,Bajo,,,,En buen estado,,,,,,,,,,,,,,N/A,,,,,
Piso en Carrer del Rellotge,HIPOGES IBERIA,2.300 €/m²,57.500 €,25 m²,https://www.pisos.com/comprar/piso-santa_coloma_de_gramenet_fondo08923-48392259324_100700/,Anuncio actualizado el 19/12/2024,Error al procesar consumo,Error al procesar emisiones,santa_coloma_de_gramenet (BCN),25 m²,,,,,AURE-20459,,,,,,,,,,,,,,,,,Más de 50 años,,,,,,,,,,,,,,,,,,,,,,
Piso en Riu Nord,GROCASA,2.660 €/m²,290.000 €,109 m²,https://www.pisos.com/comprar/piso-riu_nord_riu_sud08921-48387701935_109300/,Anuncio actualizado el 23/12/2024,Error al procesar consumo,Error al procesar emisiones,santa_coloma_de_gramenet (BCN),109 m²,108 m²,3,1,,EP743-1484990,,Hidráulico,,,,Office,,,N/A,,,Se,,,,2ª,Entre 30 y 50 años,,,,,,,Aluminio,,N/A,,,N/A,,,,,,,,,,
Piso en Santa Coloma de Gramenet,BEST HOUSE BARCELONA SANTS,2.003 €/m²,108.200 €,54 m²,https://www.pisos.com/comprar/piso-raval_santa_rosa_safaretjos08923-5025585010_100500/,Anuncio actualizado el 18/01/2025,Error al procesar consumo,Error al procesar emisiones,santa_coloma_de_gramenet (BCN),54 m²,54 m²,2,1,,SA431-615848/5661,,,,,,,,,,,,,,,,Bajo,Más de 50 años,,,,,,,,N/A,,,,,,,,,,,,,,
Piso en Carrer de Roma,Aliseda Inmobiliaria,1.675 €/m²,159.200 €,95 m²,https://www.pisos.com/comprar/piso-llati_riera_alta_cementiri_vell08921-41673794139_105900/,Anuncio actualizado el 24/10/2024,Error al procesar consumo,Error al procesar emisiones,santa_coloma_de_gramenet (BCN),95 m²,,3,1,,AN1-ANT00030664440,,,,,,,,,,,,,,,,,,,,,,,,,,,,,,,,,,,,,,,
Piso en Avinguda de Ramon Berenguer IV,LA CASA AGENCY CASTELLDEFELS,4.772 €/m²,429.500 €,90 m²,https://www.pisos.com/comprar/piso-singuerlin_les_oliveres_can_franquesa_guinardera08-50099527651_103700/,Anuncio actualizado el 19/02/2025,"E, F","E, F",santa_coloma_de_gramenet (BCN),90 m²,,4,2,N/A,BLU1-LCB33993,,,,,N/A,,,,,,N/A,,,,,,Entre 30 y 50 años,,,En buen estado,,,,,,,,N/A,,,,,,,,,,,
Casa adosada en Centre-Can Mariner,B.C. GESTIONS,4.203 €/m²,269.000 €,64 m²,https://www.pisos.com/comprar/casa_adosada-centre_can_mariner08921-50048270503_106700/,Anuncio actualizado el 20/12/2024,Error al procesar consumo,Error al procesar emisiones,santa_coloma_de_gramenet (BCN),64 m²,54 m²,3,1,,IFC76360-SBRE-0134191,,,,,,,,,,,,,,,,,Más de 50 años,,,,,,,,,,,,,,,,,,,Adosada,,,
Piso en Carrer de Mossèn Jacint Verdaguer,VIVANTIAL,1.835 €/m²,145.000 €,79 m²,https://www.pisos.com/comprar/piso-raval_santa_rosa_safaretjos08923-51766383726_109300/,Anuncio actualizado el 13/02/2025,Error al procesar consumo,Error al procesar emisiones,santa_coloma_de_gramenet (BCN),79 m²,68 m²,,,,EP618-14070-2025,,,,,,,,,N/A,,,,,,,,,,,,,,,,,N/A,,,,,,,,,,,,,
Casa en Carrer d'Isaac Albéniz,INMOTARGET,2.284 €/m²,450.000 €,197 m²,https://www.pisos.com/comprar/casa-singuerlin_les_oliveres_can_franquesa_guinardera08-45859316279_108900/,Anuncio actualizado el 14/02/2025,Error al procesar consumo,Error al procesar emisiones,santa_coloma_de_gramenet (BCN),197 m²,165 m²,5,3,,XA757-cit6166,,,,,,Americana,N/A,,,,,,,,,,Menos de 5 años,,,A estrenar,,,,,,,,N/A,,,,,,,,,,,
Piso en Santa Coloma de Gramenet,LA CASA AGENCY CASTELLDEFELS,2.771 €/m²,255.000 €,92 m²,https://www.pisos.com/comprar/piso-centre_can_mariner08921-51692379910_103700/,Anuncio actualizado el 19/02/2025,"G, G","G, G",santa_coloma_de_gramenet (BCN),92 m²,,2,1,N/A,BLU1-LCB35140,,,,,,,,,N/A,,,,,,,,Entre 30 y 50 años,,,Reformado,,,,,,,,,N/A,,,,,,,,,,
Piso en calle calle Mozart 80 Ático 3,HIPOGES IBERIA,1.672 €/m²,97.000 €,58 m²,https://www.pisos.com/comprar/piso-santa_coloma_de_gramenet_fondo08917-50022394411_100700/,Anuncio actualizado el 13/12/2024,Error al procesar consumo,Error al procesar emisiones,santa_coloma_de_gramenet (BCN),58 m²,58 m²,,,,FRRE-00397,,,,,,,,,,,,,,,,,,,,,,,,,,,,,,,,,,,,,,,
Piso en Carrer de Milà i Fontanals,VIVANTIAL,943 €/m²,67.000 €,71 m²,https://www.pisos.com/comprar/piso-raval_santa_rosa_safaretjos08923-45898370162_109300/,Anuncio actualizado el 30/01/2025,Error al procesar consumo,Error al procesar emisiones,santa_coloma_de_gramenet (BCN),71 m²,66 m²,,,,EP618-13846-2025,,,,,,,,,,,,,,,,2ª,,,,,,,,,,N/A,,,,,,,,,,,,,
Chalet en Carrer de Dalt de la Ciutadella,CENTURY 21 Les Santes,664 €/m²,242.000 €,364 m²,https://www.pisos.com/comprar/chalet-centre_can_mariner08921-44232523131_107700/,Anuncio actualizado el 22/01/2025,Error al procesar consumo,Error al procesar emisiones,santa_coloma_de_gramenet (BCN),364 m²,364 m²,1,1,,VE87-0117-SBRE-0134191,,,,,,,,,,,,,,,,,Más de 50 años,,,,,,,,,,364 m²,,,,,,,,,,,,
Chalet en calle Ps Salzereda,CENTURY 21 Les Santes,4.600 €/m²,230.000 €,50 m²,https://www.pisos.com/comprar/chalet-riu_nord_riu_sud08922-50912895897_107700/,Anuncio actualizado el 25/01/2025,Error al procesar consumo,Error al procesar emisiones,santa_coloma_de_gramenet (BCN),50 m²,50 m²,3,1,,VE87-0117-TWRE-00490,,,,,,,,,,,,,,,,,Más de 50 años,,,,,,,,,,50 m²,,,,,,,,,,,,
Dúplex en Centre-Can Mariner,LA CASA AGENCY DEUSTO,3.471 €/m²,670.000 €,193 m²,https://www.pisos.com/comprar/duplex-centre_can_mariner08921-45842695427_101800/,Anuncio actualizado el 11/07/2024,"G, G","G, G",santa_coloma_de_gramenet (BCN),193 m²,,3,3,,IF77097-LCB31305,,,,,Central,,N/A,,N/A,,N/A,,,,,4ª,Entre 20 y 30 años,,,,,,,,,,,1,,,,,,,,,,,
Chalet en Carrer de Cristòfor Colón,Aliseda Inmobiliaria,2.125 €/m²,287.000 €,135 m²,https://www.pisos.com/comprar/chalet-llati_riera_alta_cementiri_vell08921-37589678786_107000/,Anuncio actualizado el 25/12/2024,Error al procesar consumo,Error al procesar emisiones,santa_coloma_de_gramenet (BCN),135 m²,,,,,AS1-52715632,,,,,,N/A,,,,,,,,,,,,,,,,,,,,,,,,,,,,,,,,,
"Piso en Passatge d'en Caralt, 14",Agencia no disponible,2.875 €/m²,207.000 €,72 m²,https://www.pisos.com/comprar/piso-singuerlin_les_oliveres_can_franquesa_guinardera08-51720823936_109800/,Anuncio actualizado el 17/02/2025,Error al procesar consumo,Error al procesar emisiones,santa_coloma_de_gramenet (BCN),72 m²,,3,1,,21801967,1,Parquet,,Frío y calor,Gas natural,,,,N/A,,,,,,,2ª,Entre 30 y 50 años,,,En buen estado,N/A,,,,,,,,N/A,,,,,,,,,,
Piso en Carrer de Flor i Cel,Aliseda Inmobiliaria,2.113 €/m²,112.000 €,53 m²,https://www.pisos.com/comprar/piso-raval_santa_rosa_safaretjos08923-41718089059_105900/,Anuncio actualizado el 24/10/2024,Error al procesar consumo,Error al procesar emisiones,santa_coloma_de_gramenet (BCN),53 m²,,,,,AN1-ANT00030672652,,,,,,,,,,,,,,,,,,,,,,,,,,,,,,,,,,,,,,,
Piso en Carrer dels Espriu,Aliseda Inmobiliaria,1.318 €/m²,80.400 €,61 m²,https://www.pisos.com/comprar/piso-raval_santa_rosa_safaretjos08923-41732163726_105900/,Anuncio actualizado el 24/10/2024,Error al procesar consumo,Error al procesar emisiones,santa_coloma_de_gramenet (BCN),61 m²,,,,,AN1-ANT00030672885,,,,,,,,,,,,,,,,,,,,,,,,,,,,,,,,,,,,,,,
Piso en Carrer dels Roviralta,Aliseda Inmobiliaria,1.313 €/m²,88.000 €,67 m²,https://www.pisos.com/comprar/piso-centre_can_mariner08922-41685964417_105900/,Anuncio actualizado el 24/10/2024,Error al procesar consumo,Error al procesar emisiones,santa_coloma_de_gramenet (BCN),67 m²,,,,,AN1-ANT00030658921,,,,,,,,,,,,,,,,,,,,,,,,,,,,,,,,,,,,,,,
Casa en Carrer del Rellotge,HIPOGES IBERIA,2.631 €/m²,50.000 €,19 m²,https://www.pisos.com/comprar/casa-santa_coloma_de_gramenet_fondo08923-48356807518_100700/,Anuncio actualizado el 20/11/2024,Error al procesar consumo,Error al procesar emisiones,santa_coloma_de_gramenet (BCN),19 m²,,,,,AURE-20458,,,,,,,,,,,,,,,,,Más de 50 años,,,,,,,,,,19 m²,,,,,,,,,,,,
Piso en Centre-Can Mariner,"ESTUDI SANTA COLOMA, S.L.U",3.000 €/m²,195.000 €,65 m²,https://www.pisos.com/comprar/piso-centre_can_mariner08921-51763153205_100200/,Anuncio actualizado el 20/02/2025,"F, E","F, E",santa_coloma_de_gramenet (BCN),65 m²,,2,,,TC204-594647,,,,,,,,,,,,,,,,,Entre 30 y 50 años,,,En buen estado,,,,,,,,,,,,,,,,,,,
Piso en Raval-Santa Rosa-Safaretjos,"ESTUDI SANTA COLOMA, S.L.U",1.743 €/m²,129.000 €,74 m²,https://www.pisos.com/comprar/piso-raval_santa_rosa_safaretjos08923-45884091236_100200/,Anuncio actualizado el 20/02/2025,Error al procesar consumo,Error al procesar emisiones,santa_coloma_de_gramenet (BCN),74 m²,,3,1,,TC204-589840,,Gres,,,,,,,,,,,,,,,Más de 50 años,,,En buen estado,,,,,,,,,,,,,,,,,,,
Piso en Carrer del Torrent de la Perera,Aliseda Inmobiliaria,1.625 €/m²,91.000 €,56 m²,https://www.pisos.com/comprar/piso-la_trinitat_vella08033-42548579932_105900/,Anuncio actualizado el 21/12/2024,Error al procesar consumo,Error al procesar emisiones,santa_coloma_de_gramenet (BCN),56 m²,,3,1,,AN1-ANT00030680660,,,,N/A,,,,,,,,,,,,,,,,,,,,,,,,,,,,,,,,,,,
Piso en Montigalà-Sant Crist,Hounting,2.551 €/m²,125.000 €,49 m²,https://www.pisos.com/comprar/piso-montigala_sant_crist08917-45061451407_100500/,Anuncio actualizado el 19/08/2024,Error al procesar consumo,Error al procesar emisiones,santa_coloma_de_gramenet (BCN),49 m²,,2,1,N/A,SA5364-2110/21100007/36,,,,,,N/A,,,,,,,,,,2ª,,,,En buen estado,,,,,,,,,,,N/A,,,,,,,,
Dúplex en Baró de Viver,Engel & Völkers MMC Barcelona,2.358 €/m²,375.000 €,159 m²,https://www.pisos.com/comprar/duplex-baro_de_viver-40889196581_101800/,Anuncio actualizado el 10/07/2024,"D, D","D, D",santa_coloma_de_gramenet (BCN),159 m²,,2,2,,IF76306-I-00XWN5-W-02UHJ4,,,,,Central,N/A,,,,,,,,,,,Entre 20 y 30 años,N/A,,,,,,,,,,,,,,,,,,,,,
Piso en VIA de Barcino,Aliseda Inmobiliaria,2.136 €/m²,94.000 €,44 m²,https://www.pisos.com/comprar/piso-la_trinitat_vella08033-41701045117_105900/,Anuncio actualizado el 19/12/2024,Error al procesar consumo,Error al procesar emisiones,santa_coloma_de_gramenet (BCN),44 m²,,2,1,,AN1-ANT00030680729,,,,,,,,,,,,,,,,,,,,,,,,,,,,,,,,,,,,,,,
Piso en Carrer del Torrent de la Perera,HIPOGES IBERIA,1.833 €/m²,88.000 €,48 m²,https://www.pisos.com/comprar/piso-la_trinitat_vella08033-43354637498_100700/,Anuncio actualizado el 01/01/2025,Error al procesar consumo,Error al procesar emisiones,santa_coloma_de_gramenet (BCN),48 m²,42 m²,,,,LIRE-06138,,,,,,,,,,,,,,,,2ª,Más de 50 años,,,,,,,,,,,,,,,,,,,,,,
Ático en Carrer de Mozart,JJFINQUES BADALONA,2.237 €/m²,179.000 €,80 m²,https://www.pisos.com/comprar/atico-montigala_sant_crist08917-50065663930_101800/,Anuncio actualizado el 20/02/2025,Error al procesar consumo,Error al procesar emisiones,santa_coloma_de_gramenet (BCN),80 m²,,3,1,,IF76353-F31,,,,,Central,,,N/A,,,,,,,,,Más de 50 años,,,,,,,,,,,,,,,,,,,,,,
"Piso en Carrer de la Foradada, 110",Group Ji-Ber Internacional,2.719 €/m²,155.000 €,57 m²,https://www.pisos.com/comprar/piso-la_trinitat_vella08033-44227240391_517058/,Anuncio actualizado el 27/09/2024,"F, F","F, F",santa_coloma_de_gramenet (BCN),57 m²,51 m²,2,1,N/A,4517058-000064,,,,,,N/A,,N/A,N/A,,,,,,,1ª,,,Alarma,En buen estado,Entre 20 y 40 €,,N/A,Aluminio,N/A,N/A,,,,,N/A,,,,,,,,
Piso en Carrer de la Foradada,MERCAT IMMOBILIARI CATALA,2.318 €/m²,160.000 €,69 m²,https://www.pisos.com/comprar/piso-la_trinitat_vella08033-50855403156_106000/,Anuncio actualizado el 22/01/2025,Error al procesar consumo,Error al procesar emisiones,santa_coloma_de_gramenet (BCN),69 m²,63 m²,2,1,,NI268-PORTA-4196MA,,,,,,,,,N/A,,,,,,,1ª,,,,,,,,,,,,,,,,,,,,,,,
Piso en Carrer de Pedro Antonio de Alarcón,FABRA CONSULTORS,2.679 €/m²,209.000 €,78 m²,https://www.pisos.com/comprar/piso-montigala_sant_crist08917-51674082478_100500/,Anuncio actualizado el 19/02/2025,Error al procesar consumo,Error al procesar emisiones,santa_coloma_de_gramenet (BCN),78 m²,,3,1,,SA4270-2025-00010/9908,,,,,,,,,,,,,,,,2ª,Más de 50 años,,,,,,,,,,,,N/A,,,,,,,,,,
Piso en Carrer de Sicília,ZONA FINCAS,2.964 €/m²,166.000 €,56 m²,https://www.pisos.com/comprar/piso-montigala_sant_crist08917-50047895763_514358/,Anuncio actualizado el 19/02/2025,"G, G","G, G",santa_coloma_de_gramenet (BCN),56 m²,55 m²,2,1,N/A,514358-ZF24/002,,Parquet,,,Gas natural,Independiente salida a galería.,,N/A,,,18m²,,,,,4ª,Más de 50 años,,,En buen estado,,,,Puertas haya,Salida a terraza.,N/A,,,,N/A,,,,,,,,,
